source	target	weight
0	0	1.0000000000000002
1	1	0.9999999999999997
2	2	1.0
3	3	1.0000000000000013
4	4	1.0
4	493	0.5515217843425044
5	5	1.0
6	6	0.9999999999999997
7	7	1.0000000000000002
8	8	0.9999999999999999
9	9	1.0000000000000007
10	10	1.0000000000000002
11	11	1.0000000000000009
12	12	1.0
13	13	1.0000000000000002
14	14	0.9999999999999999
15	15	1.0000000000000002
16	16	0.9999999999999997
17	17	1.0000000000000002
18	18	1.0
19	19	1.0
20	20	0.9999999999999999
21	21	1.0000000000000002
22	22	1.0000000000000002
23	23	1.0
23	253	0.5796628869973398
24	24	1.0
24	289	0.5508657449424453
25	25	0.9999999999999999
26	26	1.0000000000000002
27	27	1.0000000000000002
28	28	1.0000000000000002
29	29	1.0
30	30	1.0000000000000004
31	31	1.0
32	32	1.0000000000000004
33	33	1.0
34	34	0.9999999999999996
35	35	1.0000000000000004
36	36	1.0000000000000002
37	37	1.0000000000000004
38	38	1.0
39	39	0.9999999999999996
40	40	1.0
41	41	1.0000000000000007
42	42	1.0000000000000002
43	43	1.0000000000000004
44	44	0.9999999999999997
44	453	0.554749311304011
45	45	0.9999999999999997
45	598	0.5255282065092237
46	46	1.0000000000000002
47	47	0.9999999999999999
48	48	1.0000000000000007
49	49	1.0000000000000004
50	50	1.0
51	51	1.0
52	52	1.0000000000000033
53	53	1.0000000000000002
54	54	1.0
55	55	0.9999999999999998
56	56	1.0000000000000002
57	57	1.0000000000000007
59	58	1.0000000000000009
60	59	0.9999999999999996
61	60	0.9999999999999999
62	61	0.9999999999999998
63	62	0.9999999999999996
64	63	1.0000000000000002
65	64	0.9999999999999997
66	65	0.9999999999999998
66	281	0.5480489992527932
67	66	1.0000000000000002
68	67	1.0
69	68	1.0
70	69	1.0
71	70	1.0000000000000007
72	71	1.0000000000000002
73	72	1.0000000000000002
74	73	0.9999999999999997
75	74	1.0000000000000002
76	75	1.0000000000000002
77	76	1.0
78	77	1.0000000000000002
79	78	0.9999999999999999
80	79	1.0000000000000013
81	80	1.0000000000000002
82	81	1.0000000000000002
83	82	1.0000000000000002
84	83	1.0000000000000002
85	84	1.0000000000000002
86	85	1.0000000000000002
87	86	1.0000000000000002
88	87	1.0000000000000002
89	88	1.0000000000000002
90	89	1.0
91	90	0.9999999999999994
92	91	1.0
93	92	1.0
94	93	1.0
95	94	1.0
96	95	1.0000000000000002
97	96	1.0000000000000009
98	97	1.0000000000000002
99	98	0.9999999999999999
100	99	1.0000000000000002
101	100	1.0
102	101	1.0000000000000002
103	102	1.0
104	103	1.0000000000000002
105	104	1.0
106	105	0.9999999999999999
107	106	1.0
108	107	1.0000000000000002
109	108	0.9999999999999999
110	109	1.0000000000000002
111	110	1.0000000000000002
112	111	1.0
113	112	1.0000000000000002
114	113	1.0000000000000002
116	114	1.0
117	115	1.0000000000000002
118	116	1.0000000000000002
119	117	1.0000000000000002
120	118	1.0000000000000002
121	119	1.0
122	120	1.0000000000000002
123	121	1.0000000000000004
124	122	1.0000000000000002
125	123	1.0000000000000004
126	124	1.0
127	125	1.0
128	126	0.9999999999999999
129	127	1.0000000000000002
130	128	1.0
131	129	1.0
132	130	1.0000000000000018
133	131	1.0000000000000002
134	132	1.0
136	133	0.9999999999999991
137	134	1.0
138	135	1.0000000000000002
138	1684	0.5307296023112043
139	136	0.9999999999999997
140	137	1.0000000000000002
141	138	1.0
142	139	1.0000000000000002
143	140	1.0
144	141	1.0
145	142	1.0000000000000009
146	143	0.9999999999999998
147	144	1.0
148	145	1.0
149	146	1.0
149	574	0.6101158844700398
149	908	0.9570216964964278
149	1148	0.5190147398711952
149	1170	0.9570216964964278
149	1793	0.9570216964964278
149	1916	0.9570216964964278
149	1997	0.5286323167907354
150	147	1.0
151	148	1.0000000000000007
152	149	1.0
153	150	0.9999999999999999
154	151	1.0
155	152	1.0000000000000004
156	153	1.0000000000000007
157	154	0.9999999999999998
158	155	1.0000000000000002
159	156	0.9999999999999999
159	277	0.5095275110177644
160	157	1.0
161	158	1.0
162	159	1.0
163	160	1.0000000000000002
164	161	1.0000000000000004
165	162	1.0
166	163	1.0
167	164	1.0
167	720	0.5070207943339933
168	165	1.0
169	166	1.0000000000000002
170	167	1.0000000000000004
171	168	1.0000000000000002
172	169	0.9999999999999997
173	170	1.0
174	171	1.0
174	1659	0.7111740939687942
175	172	1.0000000000000002
176	173	1.0
177	174	1.0000000000000002
178	175	1.0000000000000002
179	176	1.0
179	251	0.5051247292938895
180	177	1.0
181	178	1.0
182	179	0.9999999999999997
183	180	1.0000000000000002
184	181	1.0
185	182	0.9999999999999999
186	183	1.0000000000000002
187	184	1.0
188	185	1.0000000000000002
189	186	0.9999999999999999
190	187	0.9999999999999999
191	188	1.0000000000000002
192	189	1.0000000000000004
193	190	1.0
194	191	1.0000000000000004
195	192	0.9999999999999999
196	193	1.0000000000000002
197	194	0.9999999999999999
198	195	0.9999999999999996
199	196	1.0000000000000002
199	662	0.5229680781962007
200	197	1.0000000000000002
201	198	1.0000000000000002
202	199	0.9999999999999988
203	200	1.0000000000000016
204	201	1.0000000000000004
205	202	0.9999999999999999
206	203	1.0
207	204	0.9999999999999998
208	205	1.0000000000000002
210	206	1.0
211	207	1.0
212	208	1.0000000000000002
213	209	1.0000000000000002
214	210	1.0
215	211	1.0000000000000002
216	212	1.0000000000000004
217	213	1.0000000000000002
218	214	1.0
219	215	1.0000000000000002
220	216	0.9999999999999998
221	217	0.9999999999999998
221	2026	0.53295908842923
222	218	1.0000000000000004
223	219	0.9999999999999994
224	220	0.9999999999999996
225	221	1.0000000000000002
226	222	1.0000000000000002
227	223	1.0000000000000002
228	224	1.0000000000000002
229	225	0.9999999999999998
230	226	1.0
231	227	1.0000000000000004
232	228	1.0
233	229	1.0000000000000002
234	230	1.0000000000000004
235	231	1.0000000000000007
236	232	1.0000000000000004
238	233	1.0
239	234	1.0000000000000002
240	235	1.0
241	236	1.0000000000000002
242	237	1.0000000000000002
243	238	1.0
244	239	1.0
245	240	1.0
246	241	1.0
247	242	1.0
248	243	1.0
250	244	1.0000000000000004
251	245	1.0000000000000002
252	246	1.0000000000000002
253	247	1.0
254	248	1.0000000000000002
255	249	1.0000000000000002
256	250	1.0000000000000002
257	176	0.5051247292938895
257	251	1.0000000000000002
258	252	1.0000000000000002
259	23	0.5796628869973398
259	253	1.0
260	254	1.0
261	255	1.0
262	256	1.0000000000000002
263	257	1.0
264	258	1.0
265	259	0.9999999999999996
266	260	1.0000000000000002
267	261	1.0
268	262	1.0000000000000007
269	263	1.0
270	264	1.0000000000000002
271	265	1.0
272	266	1.0000000000000002
273	267	1.0000000000000002
273	335	0.5285938019531277
273	1604	0.5228883392036794
274	268	0.9999999999999992
275	269	1.0000000000000002
276	270	1.0
277	271	0.9999999999999999
278	272	1.0
279	273	0.9999999999999999
280	274	0.9999999999999999
281	275	1.0
282	276	0.9999999999999998
282	2353	0.5462376176582715
283	156	0.5095275110177644
283	277	1.0
284	278	1.0
285	279	0.9999999999999998
286	280	1.0
287	65	0.5480489992527932
287	281	1.0
288	282	1.0000000000000002
288	676	0.5671469580386381
288	2270	0.6143662486602866
289	283	0.9999999999999998
290	284	0.9999999999999999
291	285	1.0000000000000007
292	286	1.0000000000000002
293	287	1.0000000000000002
294	288	0.9999999999999998
295	24	0.5508657449424453
295	289	1.0000000000000009
296	290	1.0
297	291	1.0000000000000002
298	292	1.0000000000000027
299	293	1.0
300	294	0.9999999999999999
301	295	1.0
302	296	1.0000000000000002
302	828	0.5737132327392256
302	1099	0.6351601351007297
302	1166	0.5593726012907135
302	1577	0.597466360171047
302	1980	0.5454500648036383
302	2412	0.5593908401661284
303	297	1.0
304	298	0.9999999999999999
305	299	0.9999999999999998
306	300	1.0000000000000002
307	301	0.9999999999999999
307	616	0.5063037693565378
307	1300	0.5068693710994241
308	302	1.0
309	303	1.0
310	304	1.0
311	305	1.0000000000000004
312	306	1.0000000000000007
313	307	1.0000000000000004
314	308	1.0
315	309	1.0000000000000002
316	310	1.0
317	311	1.0000000000000007
318	312	1.0
319	313	0.9999999999999999
320	314	1.0
321	315	1.0000000000000007
322	316	0.9999999999999998
323	317	1.0000000000000002
324	318	1.0
325	319	1.0000000000000002
326	320	1.0000000000000002
327	321	0.9999999999999994
328	322	1.0000000000000002
329	323	0.9999999999999999
330	324	1.0
331	325	1.0000000000000002
332	326	1.0
333	327	1.0
334	328	1.0000000000000002
335	329	1.0000000000000004
336	330	1.0
337	331	0.9999999999999998
338	332	1.0000000000000002
339	333	1.0
340	334	1.0000000000000004
341	267	0.5285938019531277
341	335	1.0
342	336	1.0000000000000004
343	337	1.0000000000000004
344	338	0.9999999999999999
345	339	1.0000000000000002
346	340	1.0000000000000004
347	341	1.0
348	342	1.0000000000000002
349	343	1.0
350	344	0.9999999999999999
351	345	1.0000000000000002
352	346	1.0000000000000002
352	1222	0.5310005128502953
352	1497	0.6367586098260167
352	1890	0.5735103566359174
353	347	1.0000000000000007
354	348	1.0
355	349	0.9999999999999998
356	350	1.0000000000000004
357	351	0.9999999999999999
358	352	1.0
359	353	0.9999999999999999
360	354	1.0000000000000002
361	355	0.9999999999999999
362	356	1.0
363	357	1.0000000000000002
364	358	0.9999999999999994
365	359	0.9999999999999999
366	360	1.0000000000000002
367	361	1.0
368	362	1.0
369	363	0.9999999999999998
370	364	0.9999999999999994
371	365	1.0000000000000002
372	366	1.0
373	367	1.0
374	368	1.0000000000000004
375	369	0.9999999999999996
376	370	1.0000000000000004
377	371	1.0
378	372	1.0
379	373	1.0
380	374	1.0000000000000002
381	375	1.0000000000000002
382	376	1.0000000000000002
383	377	1.0000000000000002
384	378	0.9999999999999997
385	379	1.0000000000000004
386	380	1.0000000000000002
387	381	1.0
388	382	1.0000000000000004
389	383	1.0000000000000004
390	384	1.0000000000000002
391	385	1.0
392	386	1.0
393	387	0.9999999999999993
394	388	1.0000000000000004
395	389	1.0
396	390	0.9999999999999997
397	391	1.0000000000000002
398	392	1.0000000000000002
400	393	1.0000000000000002
401	394	0.9999999999999996
402	395	1.0000000000000002
403	396	1.0
403	921	0.576202234063512
404	397	1.0
405	398	1.0000000000000004
406	399	1.0
407	400	1.0000000000000002
408	401	1.0000000000000007
409	402	1.0000000000000002
410	403	0.9999999999999999
411	404	1.0
412	405	0.9999999999999996
413	406	1.0000000000000002
414	407	1.0
415	408	0.9999999999999993
416	409	1.0
417	410	1.0
418	411	1.0000000000000002
419	412	0.9999999999999998
420	413	1.0
421	414	0.9999999999999999
422	415	1.0
422	1888	0.5685427214267014
423	416	0.9999999999999998
424	417	1.0000000000000002
425	418	1.0
426	419	0.9999999999999999
427	420	1.0000000000000004
428	421	0.9999999999999999
429	422	1.0000000000000002
430	423	1.0000000000000002
431	424	0.9999999999999999
432	425	0.9999999999999999
433	426	1.0
434	427	1.0000000000000002
435	428	1.0000000000000002
436	429	1.0000000000000007
437	430	1.0000000000000004
437	1652	0.509659502554438
438	431	1.0
439	432	1.0000000000000002
440	433	1.0000000000000002
441	434	0.9999999999999996
442	435	1.0
443	436	1.0000000000000002
444	437	1.0
445	438	1.0000000000000004
447	439	1.0000000000000002
448	440	0.9999999999999999
449	441	1.0
450	442	1.0
451	443	0.9999999999999999
452	444	1.0000000000000004
453	445	1.0
454	446	1.0
455	447	1.0000000000000002
456	448	1.0000000000000002
457	449	1.0
458	450	1.0
459	451	1.0
460	452	1.0000000000000002
461	44	0.554749311304011
461	453	1.0000000000000002
462	454	0.9999999999999999
463	455	1.0000000000000004
464	456	1.0
465	457	1.0
466	458	1.0000000000000002
467	459	1.0000000000000007
468	460	1.0
469	461	1.0000000000000002
470	462	1.0
471	463	1.0000000000000004
472	464	1.0
473	465	1.000000000000001
475	466	1.0000000000000002
476	467	1.0
477	468	1.0000000000000002
478	469	1.0000000000000004
479	470	1.0000000000000004
480	471	1.0
481	472	1.000000000000001
482	473	1.0000000000000002
483	474	1.0
484	475	1.0000000000000002
485	476	1.0000000000000002
486	477	0.9999999999999999
487	478	1.0000000000000002
488	479	1.0000000000000002
489	480	1.0000000000000004
490	481	0.9999999999999999
491	482	1.0000000000000002
492	483	0.9999999999999999
493	484	1.0000000000000004
494	485	1.0000000000000002
495	486	1.0000000000000002
496	487	1.0
497	488	1.0000000000000004
498	489	1.0000000000000002
499	490	1.0000000000000002
500	491	1.0000000000000002
501	492	0.9999999999999998
502	4	0.5515217843425044
502	493	1.0
503	494	1.0000000000000004
504	495	1.0000000000000004
505	496	1.0000000000000002
506	497	0.9999999999999999
507	498	1.0000000000000002
508	499	1.0000000000000002
509	500	1.0000000000000002
510	501	1.0000000000000002
511	502	1.0
513	503	0.9999999999999997
514	504	1.0000000000000002
515	505	1.0000000000000004
516	506	1.0000000000000002
517	507	1.0000000000000002
518	508	1.0000000000000004
519	509	0.9999999999999999
520	510	1.0000000000000002
521	511	1.0
522	512	1.0000000000000004
523	513	0.9999999999999999
524	514	1.0000000000000002
525	515	0.9999999999999999
526	516	1.0
527	517	0.9999999999999994
528	518	1.0000000000000004
529	519	1.0
530	520	1.0000000000000007
531	521	1.0000000000000002
532	522	0.9999999999999993
533	523	1.0000000000000007
534	524	1.0
535	525	1.0000000000000004
536	526	0.9999999999999998
537	527	1.0000000000000004
538	528	1.0000000000000007
539	529	1.0000000000000004
540	530	1.0000000000000002
541	531	1.0
542	532	1.0
543	533	1.0
544	534	0.9999999999999999
545	535	1.0000000000000002
546	536	1.0
548	537	0.9999999999999998
549	538	1.0
550	539	1.0000000000000004
551	540	1.0000000000000002
552	541	1.0
553	542	1.0
554	543	1.0000000000000002
555	544	0.9999999999999998
556	545	1.0000000000000004
557	546	1.0
558	547	1.0
559	548	1.0
560	549	0.9999999999999999
561	550	0.9999999999999999
562	551	0.999999999999999
563	552	1.0000000000000004
564	553	1.0000000000000002
564	2336	0.512916998183966
565	554	0.9999999999999997
566	555	1.0000000000000002
567	556	1.0000000000000002
568	557	0.9999999999999999
569	558	1.0
570	559	1.0000000000000004
571	560	0.9999999999999999
572	561	1.0
573	562	1.0000000000000002
574	563	1.0000000000000002
575	564	1.0000000000000002
576	565	0.9999999999999997
577	566	1.0000000000000002
578	567	1.0
578	1112	0.5223825886881737
578	1644	0.652017640982258
579	568	1.0000000000000004
582	569	0.9999999999999996
583	570	1.0
584	571	1.0000000000000002
585	572	0.9999999999999997
586	573	1.0000000000000004
587	146	0.6101158844700398
587	574	1.0000000000000002
587	908	0.5952368842984472
587	1170	0.5952368842984472
587	1793	0.5952368842984472
587	1916	0.5952368842984472
591	575	0.9999999999999998
592	576	1.0
593	577	1.0000000000000002
595	578	1.000000000000003
596	579	0.9999999999999998
597	580	0.9999999999999996
598	581	1.0000000000000004
598	846	0.6898911545188067
598	877	0.51423106120552
602	582	1.0000000000000002
603	583	1.0000000000000004
604	584	1.0000000000000004
605	585	1.0000000000000002
606	586	1.0000000000000002
608	587	1.0000000000000002
609	588	1.0000000000000002
610	589	1.0
611	590	0.9999999999999999
611	840	0.5260417063011988
611	1004	0.504258239482129
611	2408	0.583930085874801
612	591	1.0
613	592	1.0000000000000002
614	593	0.9999999999999999
615	594	1.0
616	595	1.0000000000000007
617	596	0.9999999999999986
618	597	1.0000000000000002
619	45	0.5255282065092237
619	598	0.9999999999999999
620	599	1.0000000000000002
621	600	1.0000000000000002
622	601	1.0
623	602	0.9999999999999999
624	603	1.0000000000000002
626	604	0.9999999999999999
627	605	0.9999999999999998
628	606	1.0
630	607	0.9999999999999997
631	608	1.0
632	609	1.0
633	610	1.0000000000000002
634	611	1.0000000000000004
635	612	1.0000000000000002
636	613	1.0
638	614	1.0000000000000002
639	615	1.0000000000000007
641	301	0.5063037693565378
641	616	1.0000000000000004
642	617	1.0
643	618	1.0
644	619	1.0000000000000004
645	620	1.0000000000000002
646	621	1.0
647	622	0.9999999999999999
647	1875	0.6201415734688144
647	2098	0.7312703710496723
647	2291	0.6043223198314613
648	623	1.0
650	624	0.9999999999999997
651	625	0.9999999999999998
652	626	1.0000000000000002
653	627	1.0000000000000004
654	628	1.0
656	629	1.0000000000000002
657	630	1.0000000000000002
658	631	1.0000000000000002
659	632	1.0
660	633	0.9999999999999998
661	634	0.9999999999999997
662	635	1.0000000000000004
663	636	1.0000000000000002
664	637	1.0000000000000002
666	638	1.0000000000000004
666	902	0.5392174291432572
667	639	1.0000000000000004
668	640	0.9999999999999999
669	641	1.0000000000000002
670	642	1.0000000000000002
671	643	1.0
672	644	1.0000000000000004
673	645	0.9999999999999999
674	646	0.9999999999999996
675	647	1.0
676	648	1.0
677	649	1.0000000000000007
678	650	1.0000000000000004
679	651	1.0000000000000007
680	652	1.0
681	653	1.0000000000000007
682	654	0.9999999999999999
683	655	1.0000000000000002
684	656	0.9999999999999987
685	657	1.0
687	658	1.0
688	659	1.0000000000000004
689	660	1.0000000000000002
689	959	0.6754207402893742
690	661	1.0
691	196	0.5229680781962007
691	662	1.0
692	663	0.9999999999999998
693	664	1.0000000000000002
694	665	1.0000000000000002
695	666	0.9999999999999997
697	667	1.0
698	668	1.0
699	669	1.000000000000002
700	670	1.0000000000000002
701	671	1.0000000000000004
702	672	1.0000000000000002
703	673	1.0000000000000002
704	674	1.0000000000000002
705	675	0.9999999999999991
706	282	0.5671469580386381
706	676	0.9999999999999993
706	2196	0.6388791584131654
706	2270	0.5472382879378824
707	677	0.9999999999999997
707	908	0.5473756634111305
707	1170	0.5473756634111305
707	1793	0.5473756634111305
707	1916	0.5473756634111305
708	678	0.999999999999999
709	679	1.0000000000000002
710	680	1.0000000000000004
711	681	1.000000000000001
712	682	1.0000000000000002
713	683	1.0
714	684	1.0
715	685	0.9999999999999997
716	686	1.0
717	687	1.0
718	688	1.0000000000000002
719	689	0.9999999999999996
720	690	1.0000000000000007
721	691	1.0
722	692	0.9999999999999993
723	693	1.0000000000000002
724	694	1.0000000000000002
725	695	1.0
726	696	1.0000000000000004
727	697	0.9999999999999999
728	698	0.9999999999999998
729	699	1.0000000000000007
730	700	1.0000000000000024
731	701	0.9999999999999999
732	702	1.0000000000000002
733	703	0.9999999999999998
733	1901	0.5367877349541605
734	704	1.0000000000000002
735	705	1.0000000000000002
736	706	1.0000000000000002
737	707	1.0000000000000007
739	708	1.0
740	709	0.9999999999999997
741	710	1.0
742	711	0.9999999999999999
743	712	1.0000000000000002
745	713	1.0000000000000002
746	714	0.9999999999999999
747	715	1.0
748	716	1.0000000000000009
749	717	0.9999999999999999
750	718	1.0
752	719	1.0000000000000002
753	164	0.5070207943339933
753	720	1.0000000000000004
754	721	1.0
755	722	0.9999999999999999
756	723	0.9999999999999997
757	724	1.0000000000000002
758	725	1.0000000000000002
759	726	0.9999999999999998
760	727	1.0
760	1363	0.5301275419700956
761	728	0.9999999999999999
762	729	1.0
763	730	0.9999999999999998
765	731	0.9999999999999998
766	732	1.0000000000000002
767	733	1.0
768	734	1.0
769	735	1.0000000000000002
770	736	1.0000000000000002
771	737	1.0000000000000002
772	738	0.9999999999999998
772	1163	0.5178202659650357
773	739	1.0
774	740	1.0000000000000002
775	741	1.0000000000000002
777	742	0.9999999999999999
778	743	0.9999999999999999
779	744	1.0
780	745	1.0000000000000002
781	746	1.0
782	747	1.0
783	748	1.0
784	749	0.9999999999999999
785	750	1.0
786	751	1.0000000000000002
787	752	0.9999999999999994
788	753	1.0000000000000002
789	754	1.000000000000001
790	755	1.0000000000000004
792	756	1.0
793	757	1.0000000000000004
794	758	1.0
795	759	1.0000000000000002
796	760	1.0000000000000002
797	761	1.0
798	762	1.0000000000000002
799	763	0.999999999999999
800	764	0.9999999999999999
801	765	1.0000000000000002
802	766	1.0
803	767	1.0000000000000002
804	768	1.0000000000000007
805	769	1.0000000000000002
806	770	1.0
807	771	1.0
808	772	0.9999999999999998
809	773	1.0000000000000002
810	774	1.0000000000000002
811	775	0.9999999999999997
812	776	0.9999999999999999
813	777	1.0000000000000002
814	778	1.0
815	779	1.0
816	780	1.0000000000000002
817	781	1.0000000000000002
818	782	1.0000000000000002
819	783	1.0000000000000002
820	784	0.9999999999999998
821	785	1.0
822	786	1.000000000000001
823	787	1.0
824	788	0.9999999999999999
825	789	0.9999999999999998
826	790	1.0
827	791	0.9999999999999991
828	792	1.0000000000000002
829	793	1.0
830	794	1.0000000000000002
831	795	0.9999999999999998
832	796	1.0000000000000002
834	797	1.0000000000000002
835	798	1.0000000000000004
836	799	0.9999999999999999
837	800	1.0000000000000002
838	801	1.0000000000000002
839	802	0.9999999999999999
839	1484	0.509870963218757
840	803	1.0
841	804	1.0000000000000004
842	805	1.0000000000000002
843	806	1.0
844	807	1.0000000000000002
845	808	1.0
846	809	1.0000000000000002
847	810	1.0
848	811	1.0
849	812	0.9999999999999999
850	813	1.0000000000000002
851	814	1.0000000000000002
852	815	1.0
853	816	1.0
854	817	1.0
854	1864	0.5091010287515595
855	818	1.0
856	819	1.0000000000000002
857	820	1.0000000000000004
858	821	0.9999999999999998
859	822	1.0
860	823	1.0000000000000002
861	824	1.0000000000000002
862	825	1.0000000000000002
863	826	1.0
864	827	1.0000000000000007
865	296	0.5737132327392256
865	828	1.0000000000000004
865	1099	0.5197468419759513
866	829	1.0
867	830	0.9999999999999998
868	831	0.9999999999999999
869	832	1.0
869	967	0.5092403585605582
870	833	1.0000000000000002
871	834	1.0000000000000007
872	835	1.0000000000000002
873	836	1.0
874	837	1.0
875	838	0.9999999999999999
876	839	1.0000000000000016
877	590	0.5260417063011988
877	840	1.0000000000000004
878	841	1.0
878	908	0.5060645903140968
878	1170	0.5060645903140968
878	1793	0.5060645903140968
878	1916	0.5060645903140968
879	842	0.9999999999999997
880	843	0.9999999999999998
881	844	1.0
882	845	1.0000000000000004
883	581	0.6898911545188067
883	846	1.0000000000000002
884	847	1.0000000000000013
885	848	1.0
886	849	0.9999999999999999
887	850	1.0
888	851	1.000000000000001
889	852	1.0000000000000013
890	853	1.0000000000000002
891	854	0.9999999999999999
892	855	1.0
893	856	1.0
894	857	1.0000000000000002
895	858	1.0000000000000002
896	859	1.0000000000000007
897	860	0.9999999999999994
898	861	1.0
899	862	1.0
900	863	0.9999999999999998
901	864	1.0000000000000002
902	865	0.9999999999999999
903	866	1.0000000000000002
904	867	0.9999999999999998
905	868	1.0
906	869	1.0000000000000009
907	870	1.0000000000000002
908	871	1.0000000000000002
909	872	1.0000000000000002
910	873	1.0
911	874	1.0000000000000002
912	875	1.0000000000000007
913	876	0.9999999999999998
914	581	0.51423106120552
914	877	0.9999999999999998
914	1248	0.5736509281741091
915	878	1.0000000000000002
916	879	1.0
917	880	0.9999999999999996
918	881	1.0
919	882	1.0000000000000002
920	883	1.0000000000000002
921	884	0.9999999999999996
922	885	0.9999999999999998
923	886	1.0000000000000002
924	887	0.9999999999999998
925	888	1.0000000000000004
926	889	1.0
927	890	1.0000000000000004
928	891	1.0
929	892	1.0
930	893	1.0
931	894	1.0
932	895	1.0000000000000002
933	896	1.0
934	897	1.0000000000000002
935	898	0.9999999999999999
936	899	1.0000000000000002
937	900	1.0
938	901	0.9999999999999999
939	638	0.5392174291432572
939	902	0.9999999999999997
940	903	1.0000000000000002
942	904	1.0000000000000004
943	905	1.0000000000000002
944	906	1.0000000000000004
945	907	0.9999999999999999
946	146	0.9570216964964278
946	574	0.5952368842984472
946	677	0.5473756634111305
946	841	0.5060645903140968
946	908	1.0000000000000002
946	1010	0.529635449871703
946	1148	0.6154115720575072
946	1170	1.0000000000000002
946	1793	1.0000000000000002
946	1916	1.0000000000000002
946	1997	0.5852156599005128
948	909	1.0000000000000002
949	910	1.0000000000000002
950	911	1.0
950	1948	0.5140143313639278
951	912	1.0
952	913	0.9999999999999999
953	914	0.9999999999999998
954	915	1.0000000000000002
955	916	1.0
956	917	0.9999999999999994
957	918	1.0000000000000002
958	919	1.0
959	920	1.0000000000000004
960	396	0.576202234063512
960	921	1.0000000000000007
961	922	1.0000000000000002
962	923	1.0
963	924	1.0
964	925	1.0
965	926	1.0
966	927	1.0
967	928	0.9999999999999998
968	929	0.9999999999999998
969	930	1.0
970	931	1.0000000000000004
971	932	1.0000000000000007
972	933	1.0
973	934	0.9999999999999999
974	935	1.0000000000000002
975	936	1.0
976	937	1.0
977	938	1.0
978	939	1.0000000000000004
979	940	1.0000000000000004
980	941	1.0
981	942	1.0
982	943	1.0000000000000002
983	944	1.0000000000000002
984	945	0.9999999999999999
985	946	1.0000000000000004
986	947	1.0000000000000009
987	948	1.0000000000000004
988	949	1.0000000000000002
989	950	1.0000000000000007
990	951	1.0000000000000004
991	952	1.0000000000000002
992	953	0.9999999999999999
993	954	1.0000000000000009
994	955	1.0000000000000002
995	956	1.0
996	957	1.0000000000000004
997	958	1.0
998	660	0.6754207402893742
998	959	1.0
999	960	0.9999999999999998
1000	961	1.0000000000000002
1001	962	1.0
1002	963	1.0
1003	964	0.9999999999999998
1004	965	1.0000000000000002
1005	966	1.0
1006	832	0.5092403585605582
1006	967	1.0000000000000004
1007	968	0.9999999999999999
1008	969	1.0000000000000002
1009	970	1.0000000000000002
1010	971	1.0000000000000002
1011	972	0.9999999999999998
1012	973	1.0
1013	974	1.0
1014	975	1.0000000000000002
1015	976	0.9999999999999997
1017	977	0.9999999999999974
1018	978	1.0000000000000002
1019	979	1.0
1020	980	1.0
1021	981	1.0000000000000002
1022	982	1.0000000000000004
1023	983	1.0000000000000002
1024	984	1.0000000000000004
1025	985	1.0000000000000007
1026	986	0.9999999999999996
1027	987	1.0
1028	988	1.0000000000000002
1029	989	1.0
1031	990	1.0000000000000002
1032	991	0.9999999999999999
1033	992	0.9999999999999998
1034	993	1.0000000000000004
1035	994	1.0000000000000002
1036	995	1.0
1037	996	1.0000000000000002
1038	997	1.0000000000000002
1039	998	1.0000000000000002
1040	999	0.9999999999999996
1041	1000	0.9999999999999998
1042	1001	0.9999999999999999
1043	1002	0.9999999999999996
1045	1003	0.9999999999999998
1046	590	0.504258239482129
1046	1004	1.0000000000000002
1047	1005	1.0000000000000002
1048	1006	1.000000000000003
1049	1007	1.0
1050	1008	0.9999999999999998
1051	1009	1.0000000000000002
1052	908	0.529635449871703
1052	1010	1.0000000000000002
1052	1170	0.529635449871703
1052	1793	0.529635449871703
1052	1916	0.529635449871703
1054	1011	1.0000000000000002
1055	1012	1.0000000000000002
1056	1013	1.0000000000000009
1057	1014	1.0000000000000004
1058	1015	0.9999999999999999
1059	1016	1.0000000000000009
1062	1017	0.9999999999999998
1063	1018	1.0
1064	1019	1.0000000000000002
1065	1020	1.0000000000000002
1066	1021	1.0000000000000007
1069	1022	1.0000000000000002
1070	1023	1.0000000000000002
1071	1024	1.0
1072	1025	1.0
1073	1026	1.0000000000000002
1074	1027	1.0
1075	1028	1.0000000000000002
1076	1029	1.0000000000000002
1077	1030	1.0
1078	1031	1.0000000000000002
1080	1032	1.0
1081	1033	0.9999999999999996
1082	1034	0.9999999999999999
1083	1035	1.0
1084	1036	1.0
1085	1037	1.0000000000000002
1088	1038	0.9999999999999999
1089	1039	1.0000000000000002
1090	1040	1.0
1091	1041	1.0000000000000002
1092	1042	1.0000000000000002
1093	1043	0.9999999999999999
1095	1044	1.0
1096	1045	1.0000000000000002
1097	1046	1.0
1098	1047	0.9999999999999999
1099	1048	1.0000000000000002
1100	1049	0.999999999999999
1101	1050	1.0
1102	1051	0.9999999999999997
1103	1052	1.0000000000000002
1106	1053	1.0
1107	1054	1.0
1108	1055	1.0000000000000004
1109	1056	1.0000000000000007
1110	1057	1.0
1113	1058	0.9999999999999998
1114	1059	1.0000000000000002
1115	1060	1.0
1116	1061	1.0000000000000002
1117	1062	1.0000000000000002
1119	1063	1.0000000000000002
1120	1064	1.0000000000000002
1121	1065	1.0
1122	1066	0.9999999999999988
1123	1067	1.0000000000000002
1124	1068	1.0000000000000004
1126	1069	1.0000000000000002
1127	1070	0.9999999999999999
1128	1071	1.0
1129	1072	1.0000000000000002
1130	1073	1.0
1131	1074	1.0
1132	1075	1.0000000000000002
1135	1076	1.0000000000000002
1136	1077	1.0
1137	1078	0.9999999999999999
1138	1079	1.0
1139	1080	1.0000000000000002
1140	1081	1.0000000000000002
1142	1082	1.0000000000000002
1143	1083	1.0000000000000013
1145	1084	1.0000000000000009
1146	1085	0.9999999999999998
1147	1086	1.0000000000000002
1148	1087	0.9999999999999996
1150	1088	0.9999999999999999
1151	1089	1.0000000000000002
1152	1090	1.0000000000000002
1153	1091	1.0000000000000004
1154	1092	0.9999999999999999
1155	1093	1.0000000000000004
1157	1094	1.0000000000000004
1158	1095	1.0
1159	1096	0.9999999999999999
1160	1097	1.0000000000000002
1161	1098	1.0000000000000002
1162	296	0.6351601351007297
1162	828	0.5197468419759513
1162	1099	0.9999999999999999
1162	1577	0.5431720629996948
1162	1980	0.6418256671180562
1162	2412	0.5249744818410761
1163	1100	1.0
1164	1101	0.9999999999999999
1165	1102	1.0000000000000002
1166	1103	1.0000000000000002
1167	1104	1.0
1168	1105	1.0000000000000002
1170	1106	1.0000000000000002
1175	1107	1.0
1176	1108	1.0000000000000002
1177	1109	0.9999999999999998
1180	1110	1.0000000000000002
1181	1111	1.0000000000000004
1182	567	0.5223825886881737
1182	1112	1.0
1183	1113	1.0000000000000004
1185	1114	0.9999999999999996
1186	1115	1.0
1187	1116	1.0000000000000002
1188	1117	1.0
1189	1118	1.0
1190	1119	1.0
1192	1120	1.0000000000000002
1194	1121	1.0000000000000002
1195	1122	1.0000000000000004
1196	1123	1.0
1197	1124	1.0000000000000002
1199	1125	1.0000000000000002
1200	1126	1.0000000000000002
1201	1127	0.9999999999999998
1202	1128	1.0
1203	1129	1.0
1204	1130	1.0000000000000002
1205	1131	1.0000000000000002
1206	1132	1.0000000000000002
1207	1133	1.0000000000000007
1208	1134	1.0000000000000002
1209	1135	1.0000000000000002
1210	1136	1.0000000000000002
1211	1137	1.0
1213	1138	1.0000000000000002
1214	1139	1.0000000000000002
1215	1140	1.0000000000000002
1216	1141	1.0000000000000002
1217	1142	1.0000000000000002
1218	1143	0.9999999999999999
1219	1144	1.0000000000000002
1220	1145	1.0000000000000002
1221	1146	1.0
1222	1147	1.0
1224	146	0.5190147398711952
1224	908	0.6154115720575072
1224	1148	1.0
1224	1170	0.6154115720575072
1224	1793	0.6154115720575072
1224	1916	0.6154115720575072
1225	1149	0.9999999999999999
1226	1150	0.9999999999999994
1227	1151	0.9999999999999998
1228	1152	1.0000000000000002
1230	1153	1.0000000000000002
1231	1154	1.0
1232	1155	1.0
1233	1156	0.9999999999999999
1234	1157	1.0000000000000002
1235	1158	1.0000000000000002
1236	1159	1.0000000000000004
1238	1160	1.0000000000000002
1239	1161	1.0000000000000004
1240	1162	0.9999999999999997
1241	738	0.5178202659650357
1241	1163	1.0
1242	1164	1.0000000000000004
1243	1165	1.0000000000000002
1244	296	0.5593726012907135
1244	1166	1.0000000000000002
1244	1577	0.5120242574861915
1245	1167	1.0000000000000002
1246	1168	1.0000000000000002
1247	1169	1.0000000000000007
1248	146	0.9570216964964278
1248	574	0.5952368842984472
1248	677	0.5473756634111305
1248	841	0.5060645903140968
1248	908	1.0000000000000002
1248	1010	0.529635449871703
1248	1148	0.6154115720575072
1248	1170	1.0000000000000002
1248	1793	1.0000000000000002
1248	1916	1.0000000000000002
1248	1997	0.5852156599005128
1249	1171	0.9999999999999998
1250	1172	1.0
1251	1173	1.0000000000000002
1252	1174	1.0000000000000004
1253	1175	1.0000000000000002
1254	1176	1.0
1255	1177	0.9999999999999987
1256	1178	1.0
1256	1648	0.6860064424277674
1257	1179	1.0
1258	1180	0.9999999999999999
1259	1181	0.9999999999999994
1260	1182	1.0
1261	1183	1.0
1262	1184	1.0000000000000002
1263	1185	0.9999999999999983
1264	1186	1.0
1265	1187	0.9999999999999994
1266	1188	1.0
1267	1189	1.0000000000000007
1268	1190	1.0
1269	1191	1.0
1270	1192	1.0000000000000004
1271	1193	0.9999999999999999
1272	1194	1.0
1273	1195	1.0
1274	1196	1.0000000000000009
1275	1197	1.0000000000000002
1276	1198	1.0
1277	1199	1.0000000000000002
1278	1200	1.0
1279	1201	1.0
1280	1202	1.0
1281	1203	1.0
1282	1204	1.0
1282	1837	0.6974660343803909
1283	1205	1.0
1284	1206	1.0000000000000007
1285	1207	1.0000000000000002
1286	1208	0.9999999999999999
1287	1209	1.0
1288	1210	1.0000000000000002
1289	1211	1.0
1290	1212	1.0000000000000002
1291	1213	1.0
1292	1214	1.0
1293	1215	1.0000000000000002
1294	1216	1.0000000000000002
1295	1217	0.9999999999999998
1296	1218	1.0
1297	1219	1.0
1298	1220	1.0
1299	1221	1.0
1300	346	0.5310005128502953
1300	1222	1.0
1300	1497	0.6595859718388365
1300	1890	0.5963374853640075
1302	1223	1.0000000000000002
1303	1224	1.0000000000000004
1304	1225	1.0
1305	1226	0.9999999999999997
1306	1227	1.0
1308	1228	1.0000000000000002
1309	1229	1.0
1310	1230	1.0
1311	1231	1.0
1312	1232	1.0000000000000002
1313	1233	1.0
1314	1234	1.0
1315	1235	1.0000000000000004
1316	1236	1.0000000000000002
1317	1237	1.0000000000000002
1318	1238	1.0000000000000002
1319	1239	1.0000000000000002
1320	1240	1.0000000000000007
1321	1241	0.9999999999999997
1322	1242	1.0
1323	1243	1.0000000000000004
1324	1244	1.0000000000000004
1325	1245	0.9999999999999992
1326	1246	1.0
1327	1247	1.0
1328	877	0.5736509281741091
1328	1248	1.0000000000000002
1328	1601	0.5415345678756444
1329	1249	1.0000000000000004
1330	1250	0.9999999999999999
1331	1251	1.0000000000000002
1332	1252	1.0000000000000002
1333	1253	1.0000000000000002
1334	1254	1.0
1335	1255	1.0
1336	1256	1.0000000000000002
1337	1257	1.0000000000000002
1338	1258	0.9999999999999997
1339	1259	0.9999999999999994
1340	1260	0.9999999999999994
1342	1261	0.9999999999999999
1343	1262	1.0000000000000004
1344	1263	1.0
1345	1264	1.0000000000000002
1346	1265	1.0
1347	1266	1.0000000000000002
1348	1267	1.0
1349	1268	1.0
1350	1269	0.9999999999999999
1351	1270	1.0000000000000002
1352	1271	0.9999999999999996
1353	1272	1.0000000000000002
1354	1273	1.0000000000000002
1355	1274	1.0000000000000002
1356	1275	0.9999999999999994
1357	1276	1.0000000000000002
1358	1277	1.0000000000000002
1359	1278	1.0000000000000002
1360	1279	1.0
1361	1280	1.0000000000000004
1362	1281	0.9999999999999999
1363	1282	1.0
1364	1283	1.0000000000000002
1365	1284	1.0
1366	1285	1.0000000000000002
1367	1286	1.0000000000000002
1368	1287	1.0000000000000002
1369	1288	0.9999999999999999
1370	1289	1.0000000000000002
1371	1290	1.0000000000000002
1372	1291	1.0
1373	1292	0.9999999999999999
1374	1293	1.0000000000000004
1375	1294	1.0000000000000009
1376	1295	1.0
1377	1296	1.0000000000000004
1378	1297	1.0000000000000007
1379	1298	1.0000000000000004
1380	1299	1.0000000000000002
1381	301	0.5068693710994241
1381	1300	1.0000000000000004
1382	1301	0.9999999999999999
1383	1302	1.0
1383	1456	0.7577442022874263
1384	1303	1.0000000000000002
1385	1304	1.0000000000000002
1386	1305	1.0000000000000002
1387	1306	1.0
1388	1307	1.0
1389	1308	1.0000000000000002
1390	1309	1.0000000000000002
1391	1310	1.0
1391	2223	0.5890529333206035
1392	1311	1.0
1393	1312	1.0000000000000002
1394	1313	1.0000000000000002
1395	1314	1.0000000000000002
1396	1315	1.0
1397	1316	1.0
1398	1317	1.0000000000000002
1399	1318	1.0
1400	1319	1.0000000000000002
1401	1320	0.9999999999999999
1402	1321	1.0
1403	1322	1.0
1404	1323	0.9999999999999999
1405	1324	1.0000000000000002
1405	1514	0.5070407870860573
1406	1325	1.0000000000000002
1407	1326	1.0000000000000002
1408	1327	1.0000000000000002
1409	1328	1.0000000000000002
1410	1329	1.0000000000000002
1411	1330	0.9999999999999997
1412	1331	1.0000000000000002
1413	1332	1.0000000000000004
1414	1333	1.0000000000000002
1415	1334	1.0
1416	1335	1.0
1417	1336	1.0
1418	1337	0.9999999999999996
1419	1338	0.9999999999999998
1420	1339	0.9999999999999998
1421	1340	0.9999999999999998
1422	1341	1.0000000000000002
1423	1342	0.9999999999999997
1424	1343	1.0000000000000002
1425	1344	1.0000000000000009
1426	1345	1.0000000000000004
1428	1346	1.0000000000000002
1429	1347	1.0000000000000002
1430	1348	1.0
1431	1349	1.0000000000000002
1432	1350	1.0
1433	1351	1.0
1434	1352	1.0000000000000002
1435	1353	1.0000000000000002
1436	1354	1.0000000000000002
1437	1355	1.0000000000000002
1438	1356	1.0
1439	1357	0.9999999999999999
1440	1358	0.9999999999999999
1441	1359	1.0
1442	1360	1.0
1443	1361	1.0000000000000002
1444	1362	1.0000000000000002
1445	727	0.5301275419700956
1445	1363	1.0000000000000004
1446	1364	0.9999999999999997
1447	1365	1.0000000000000002
1448	1366	0.9999999999999999
1449	1367	1.0000000000000004
1450	1368	1.0000000000000002
1451	1369	1.0000000000000004
1452	1370	0.9999999999999997
1453	1371	1.0
1454	1372	1.0
1455	1373	1.0
1456	1374	1.0
1457	1375	1.0000000000000002
1458	1376	1.0
1459	1377	0.9999999999999991
1459	2355	0.7744232234009821
1460	1378	0.9999999999999999
1461	1379	1.0
1462	1380	1.0
1463	1381	1.0000000000000002
1464	1382	1.0000000000000002
1465	1383	1.0
1466	1384	0.9999999999999999
1468	1385	1.0000000000000002
1469	1386	1.0000000000000002
1470	1387	1.0
1471	1388	1.0000000000000002
1472	1389	1.0
1473	1390	1.0000000000000002
1474	1391	1.0000000000000002
1475	1392	1.0
1476	1393	0.9999999999999999
1477	1394	1.0000000000000002
1478	1395	1.0000000000000002
1479	1396	1.0
1480	1397	0.9999999999999999
1481	1398	1.0
1482	1399	1.0
1483	1400	1.0000000000000002
1484	1401	0.9999999999999996
1485	1402	1.0
1487	1403	0.9999999999999999
1488	1404	1.0
1489	1405	1.0000000000000002
1490	1406	1.0000000000000002
1491	1407	1.0000000000000004
1492	1408	1.0000000000000002
1493	1409	1.0
1494	1410	1.0000000000000002
1495	1411	0.9999999999999999
1496	1412	1.0000000000000002
1497	1413	1.0000000000000002
1498	1414	1.0
1499	1415	1.0000000000000002
1500	1416	1.0
1501	1417	1.0
1502	1418	0.9999999999999999
1503	1419	1.0000000000000002
1504	1420	1.0
1505	1421	1.0
1506	1422	0.9999999999999999
1507	1423	1.0
1508	1424	1.0000000000000002
1509	1425	1.0000000000000002
1510	1426	1.0000000000000004
1511	1427	1.0000000000000007
1512	1428	1.0000000000000002
1513	1429	1.0000000000000018
1514	1430	0.9999999999999994
1515	1431	0.9999999999999998
1516	1432	1.0000000000000004
1517	1433	1.0000000000000016
1518	1434	1.0
1519	1435	1.0
1520	1436	0.9999999999999999
1521	1437	1.0000000000000002
1522	1438	1.0000000000000004
1523	1439	1.0000000000000002
1524	1440	0.9999999999999999
1525	1441	1.0000000000000002
1526	1442	1.0000000000000002
1527	1443	0.9999999999999997
1528	1444	1.0000000000000002
1529	1445	1.0000000000000004
1530	1446	1.0
1531	1447	0.9999999999999998
1532	1448	1.0000000000000004
1533	1449	1.0000000000000004
1534	1450	1.0000000000000007
1535	1451	1.0000000000000018
1536	1452	1.0000000000000002
1537	1453	0.9999999999999998
1538	1454	1.0
1539	1455	1.0
1540	1302	0.7577442022874263
1540	1456	1.0
1541	1457	1.0000000000000004
1542	1458	1.0000000000000002
1543	1459	1.0
1544	1460	0.9999999999999999
1545	1461	1.0
1546	1462	0.9999999999999998
1547	1463	1.0000000000000002
1547	2402	0.577772484620072
1548	1464	0.9999999999999993
1549	1465	1.0000000000000002
1550	1466	1.0
1551	1467	1.0000000000000004
1551	1703	0.6274827562216625
1552	1468	1.0000000000000002
1553	1469	1.0000000000000002
1554	1470	1.0000000000000004
1555	1471	1.0000000000000002
1556	1472	1.0
1557	1473	1.0000000000000004
1558	1474	0.9999999999999999
1559	1475	0.9999999999999999
1560	1476	1.0000000000000004
1561	1477	1.0
1562	1478	0.9999999999999999
1563	1479	1.0000000000000007
1564	1480	0.9999999999999987
1565	1481	1.0000000000000002
1566	1482	1.0
1567	1483	1.0000000000000002
1568	802	0.509870963218757
1568	1484	1.0
1568	2368	0.577416067497588
1569	1485	1.0
1570	1486	0.9999999999999998
1571	1487	1.0
1572	1488	0.9999999999999999
1573	1489	1.0
1574	1490	1.0
1575	1491	0.9999999999999998
1576	1492	1.0000000000000007
1577	1493	1.0000000000000002
1578	1494	0.9999999999999998
1579	1495	1.0
1580	1496	1.0000000000000009
1581	346	0.6367586098260167
1581	1222	0.6595859718388365
1581	1497	1.0
1581	1890	0.6374175194817824
1582	1498	1.0
1583	1499	1.0000000000000002
1584	1500	0.9999999999999999
1585	1501	1.0
1586	1502	1.0
1587	1503	1.0000000000000002
1587	2220	0.5262088297343797
1588	1504	1.0
1589	1505	1.0000000000000002
1590	1506	0.9999999999999999
1591	1507	1.0000000000000002
1592	1508	1.0000000000000002
1593	1509	1.0000000000000002
1594	1510	1.0
1595	1511	1.0000000000000002
1596	1512	0.9999999999999997
1597	1513	1.0
1598	1324	0.5070407870860573
1598	1514	1.0000000000000002
1599	1515	1.0
1600	1516	0.9999999999999998
1601	1517	1.0000000000000004
1602	1518	1.0000000000000002
1603	1519	1.0000000000000004
1604	1520	0.9999999999999998
1605	1521	1.0
1606	1522	1.0000000000000002
1607	1523	1.0000000000000002
1608	1524	1.0000000000000013
1609	1525	1.0
1609	2026	0.5824433532670095
1610	1526	1.0000000000000002
1611	1527	1.0
1612	1528	1.0
1613	1529	1.0
1614	1530	0.9999999999999989
1615	1531	0.9999999999999996
1616	1532	1.0
1617	1533	0.9999999999999998
1618	1534	0.9999999999999999
1618	2043	0.5312680002126429
1619	1535	1.0
1620	1536	1.0000000000000002
1621	1537	0.9999999999999997
1622	1538	1.0000000000000004
1623	1539	1.0000000000000004
1624	1540	0.9999999999999999
1625	1541	1.0000000000000002
1626	1542	1.0
1627	1543	1.0000000000000002
1628	1544	1.0000000000000002
1629	1545	1.0000000000000002
1630	1546	1.0000000000000002
1631	1547	1.0000000000000002
1632	1548	1.0
1633	1549	1.0
1634	1550	1.0
1635	1551	1.0000000000000002
1636	1552	1.0000000000000002
1637	1553	1.0
1638	1554	1.0000000000000002
1639	1555	1.0000000000000002
1640	1556	1.0
1641	1557	0.9999999999999998
1642	1558	1.0000000000000004
1643	1559	1.0000000000000013
1644	1560	1.0
1645	1561	1.0000000000000002
1646	1562	1.0
1647	1563	1.0000000000000002
1648	1564	1.0000000000000007
1649	1565	1.0000000000000002
1650	1566	1.0000000000000002
1651	1567	1.0000000000000004
1652	1568	1.0000000000000002
1653	1569	1.0000000000000002
1654	1570	1.0000000000000002
1655	1571	1.0
1656	1572	0.9999999999999999
1657	1573	1.0000000000000002
1658	1574	0.9999999999999999
1659	1575	1.0
1660	1576	1.0000000000000004
1661	296	0.597466360171047
1661	1099	0.5431720629996948
1661	1166	0.5120242574861915
1661	1577	0.9999999999999999
1662	1578	1.0
1663	1579	1.0000000000000002
1664	1580	1.0000000000000004
1665	1581	1.0
1666	1582	1.0000000000000002
1667	1583	1.0000000000000002
1668	1584	1.0000000000000002
1669	1585	1.0
1670	1586	1.0000000000000002
1671	1587	1.0000000000000002
1672	1588	1.0000000000000002
1672	1782	0.5294026032168263
1673	1589	1.0000000000000004
1674	1590	1.0000000000000004
1675	1591	1.0000000000000002
1676	1592	1.0
1677	1593	1.0000000000000002
1678	1594	1.0
1679	1595	1.0000000000000002
1680	1596	1.0
1681	1597	1.0000000000000002
1682	1598	1.0000000000000002
1683	1599	1.0
1684	1600	1.0
1685	1248	0.5415345678756444
1685	1601	1.0000000000000002
1686	1602	1.0
1687	1603	0.9999999999999997
1688	267	0.5228883392036794
1688	1604	1.0000000000000002
1689	1605	1.0
1690	1606	1.0000000000000004
1691	1607	0.9999999999999998
1692	1608	1.0
1693	1609	1.0
1694	1610	1.0000000000000002
1695	1611	1.0
1696	1612	0.9999999999999991
1697	1613	1.0000000000000002
1698	1614	1.0
1699	1615	1.0
1700	1616	1.0000000000000002
1701	1617	1.0000000000000002
1702	1618	1.0000000000000002
1703	1619	0.9999999999999996
1704	1620	1.0000000000000002
1705	1621	1.0000000000000002
1706	1622	1.0
1707	1623	1.0000000000000004
1708	1624	1.0000000000000002
1709	1625	1.0
1710	1626	1.0
1711	1627	1.0
1712	1628	1.0000000000000002
1713	1629	1.0000000000000002
1714	1630	1.0000000000000004
1715	1631	1.0000000000000004
1716	1632	1.0000000000000004
1717	1633	0.9999999999999999
1718	1634	0.9999999999999999
1719	1635	0.9999999999999999
1720	1636	1.0
1721	1637	1.0
1722	1638	1.0
1723	1639	1.0000000000000004
1724	1640	1.0000000000000002
1725	1641	1.0000000000000002
1726	1642	1.0000000000000002
1727	1643	1.0000000000000004
1728	567	0.652017640982258
1728	1644	1.0000000000000002
1729	1645	1.0
1730	1646	1.0000000000000007
1731	1647	1.000000000000001
1732	1178	0.6860064424277674
1732	1648	1.0000000000000002
1732	1914	0.5458986287424716
1733	1649	0.9999999999999996
1734	1650	1.000000000000001
1735	1651	1.0
1736	430	0.509659502554438
1736	1652	0.9999999999999999
1737	1653	1.0000000000000004
1738	1654	1.0000000000000002
1739	1655	1.0000000000000002
1740	1656	0.9999999999999996
1741	1657	1.0000000000000002
1742	1658	1.0000000000000002
1743	171	0.7111740939687942
1743	1659	0.9999999999999999
1744	1660	1.0
1745	1661	1.0000000000000004
1746	1662	1.0
1747	1663	1.0000000000000002
1748	1664	1.0
1749	1665	1.0000000000000002
1750	1666	0.9999999999999999
1751	1667	0.9999999999999993
1752	1668	0.9999999999999996
1753	1669	0.9999999999999997
1754	1670	1.0
1755	1671	1.0000000000000002
1756	1672	1.000000000000001
1757	1673	1.0000000000000002
1758	1674	1.0
1759	1675	1.0000000000000004
1760	1676	1.0
1761	1677	1.0000000000000002
1762	1678	1.0000000000000002
1763	1679	1.0000000000000002
1764	1680	1.0000000000000002
1765	1681	1.0000000000000004
1766	1682	1.0000000000000002
1767	1683	1.0000000000000002
1768	135	0.5307296023112043
1768	1684	1.0000000000000002
1769	1685	0.9999999999999996
1770	1686	1.0000000000000058
1771	1687	1.0000000000000009
1772	1688	0.9999999999999999
1773	1689	1.0
1774	1690	1.0000000000000002
1775	1691	1.0
1776	1692	0.9999999999999999
1777	1693	0.9999999999999998
1778	1694	0.9999999999999999
1779	1695	1.0000000000000002
1780	1696	1.0000000000000004
1781	1697	1.0
1782	1698	1.0
1783	1699	1.0
1784	1700	1.0
1785	1701	1.0000000000000002
1786	1702	1.0
1787	1467	0.6274827562216625
1787	1703	1.0
1788	1704	1.0000000000000002
1789	1705	1.0000000000000002
1790	1706	1.0000000000000002
1791	1707	0.9999999999999999
1792	1708	0.9999999999999999
1793	1709	1.0000000000000002
1794	1710	1.0000000000000002
1795	1711	0.9999999999999999
1796	1712	1.0000000000000002
1797	1713	0.9999999999999997
1798	1714	1.0000000000000002
1799	1715	1.0
1800	1716	1.0000000000000002
1801	1717	1.0
1802	1718	1.0000000000000002
1803	1719	1.0000000000000002
1804	1720	1.0
1805	1721	1.0000000000000004
1806	1722	0.9999999999999999
1807	1723	0.9999999999999999
1808	1724	1.0000000000000002
1809	1725	1.0000000000000002
1810	1726	1.0000000000000002
1811	1727	1.0000000000000002
1812	1728	0.9999999999999997
1813	1729	1.0
1814	1730	1.0
1814	2163	0.5300642606544601
1815	1731	0.9999999999999996
1816	1732	1.0000000000000004
1817	1733	1.0000000000000002
1818	1734	0.9999999999999999
1819	1735	1.0
1820	1736	1.0
1821	1737	1.0
1822	1738	1.0
1823	1739	1.0000000000000002
1824	1740	1.0
1825	1741	1.0
1826	1742	1.0000000000000004
1827	1743	1.0
1828	1744	1.0
1829	1745	1.0000000000000002
1830	1746	0.9999999999999998
1831	1747	1.0
1832	1748	1.000000000000001
1833	1749	1.0000000000000004
1834	1750	1.0
1835	1751	1.0000000000000002
1836	1752	1.0
1837	1753	0.9999999999999999
1838	1754	1.0
1839	1755	1.0000000000000007
1840	1756	1.0000000000000007
1841	1757	1.0000000000000002
1842	1758	1.0000000000000002
1843	1759	1.0000000000000002
1844	1760	0.9999999999999999
1845	1761	1.0000000000000002
1846	1762	1.0
1847	1763	1.0
1848	1764	1.0
1849	1765	1.0000000000000002
1850	1766	1.0000000000000002
1851	1767	1.0
1852	1768	1.0000000000000002
1853	1769	1.0000000000000002
1854	1770	1.0
1855	1771	1.0000000000000002
1856	1772	1.0000000000000002
1857	1773	1.0000000000000002
1858	1774	1.0000000000000004
1859	1775	1.0000000000000002
1860	1776	0.9999999999999999
1860	1919	0.5621603816537938
1861	1777	1.0000000000000002
1861	1979	0.5036119771719536
1862	1778	1.0000000000000002
1863	1779	0.9999999999999994
1864	1780	1.0000000000000002
1865	1781	1.0000000000000002
1866	1588	0.5294026032168263
1866	1782	0.9999999999999998
1866	2255	0.5460994025755392
1867	1783	0.9999999999999998
1868	1784	1.0000000000000002
1869	1785	1.0000000000000002
1870	1786	1.000000000000001
1871	1787	0.9999999999999998
1872	1788	1.0
1873	1789	1.0000000000000007
1874	1790	0.9999999999999999
1875	1791	1.0000000000000002
1876	1792	1.0
1877	146	0.9570216964964278
1877	574	0.5952368842984472
1877	677	0.5473756634111305
1877	841	0.5060645903140968
1877	908	1.0000000000000002
1877	1010	0.529635449871703
1877	1148	0.6154115720575072
1877	1170	1.0000000000000002
1877	1793	1.0000000000000002
1877	1916	1.0000000000000002
1877	1997	0.5852156599005128
1878	1794	1.0
1879	1795	1.0
1880	1796	0.9999999999999998
1881	1797	1.0000000000000002
1882	1798	0.9999999999999999
1883	1799	1.0000000000000002
1884	1800	1.0000000000000002
1885	1801	0.9999999999999999
1886	1802	0.9999999999999994
1887	1803	1.0
1888	1804	0.9999999999999998
1889	1805	0.9999999999999998
1889	1886	0.632566703505281
1890	1806	1.0000000000000004
1891	1807	1.0
1892	1808	1.0
1893	1809	1.0
1894	1810	1.0
1895	1811	0.9999999999999998
1896	1812	1.0
1897	1813	1.0000000000000002
1898	1814	1.0
1899	1815	1.0000000000000004
1900	1816	1.0000000000000004
1901	1817	0.9999999999999999
1902	1818	1.0000000000000002
1903	1819	1.0000000000000002
1904	1820	1.0
1905	1821	1.0000000000000002
1906	1822	1.0
1907	1823	0.9999999999999998
1908	1824	1.0000000000000002
1909	1825	1.0000000000000002
1910	1826	1.0
1911	1827	1.0
1912	1828	1.0000000000000002
1913	1829	0.9999999999999996
1914	1830	0.9999999999999999
1915	1831	1.0000000000000002
1916	1832	1.0
1917	1833	1.0
1918	1834	1.0
1919	1835	1.0000000000000007
1920	1836	1.0
1921	1204	0.6974660343803909
1921	1837	1.0000000000000004
1922	1838	1.0
1923	1839	0.9999999999999999
1924	1840	1.0
1925	1841	1.0000000000000002
1926	1842	1.0
1927	1843	0.9999999999999998
1928	1844	1.0000000000000004
1929	1845	1.0
1930	1846	1.0
1931	1847	1.0000000000000002
1932	1848	1.0000000000000009
1933	1849	0.9999999999999999
1934	1850	1.0000000000000002
1935	1851	1.0000000000000002
1936	1852	1.0
1937	1853	1.0
1938	1854	0.9999999999999999
1939	1855	1.0000000000000002
1940	1856	1.0000000000000022
1941	1857	1.0
1942	1858	1.0
1943	1859	1.000000000000001
1944	1860	1.0000000000000002
1945	1861	0.9999999999999996
1946	1862	1.0000000000000002
1947	1863	1.0000000000000007
1948	817	0.5091010287515595
1948	1864	1.0
1949	1865	1.0000000000000002
1950	1866	1.0000000000000002
1951	1867	1.0000000000000002
1952	1868	1.0000000000000002
1953	1869	0.9999999999999999
1954	1870	1.0000000000000002
1955	1871	1.0
1956	1872	1.0
1957	1873	1.0000000000000002
1958	1874	1.0000000000000004
1959	622	0.6201415734688144
1959	1875	1.0000000000000004
1959	2098	0.6609774647754383
1959	2291	0.560838362950897
1960	1876	0.9999999999999998
1961	1877	0.9999999999999999
1962	1878	1.0000000000000002
1963	1879	0.9999999999999999
1964	1880	1.0000000000000002
1965	1881	0.999999999999998
1966	1882	1.0000000000000004
1967	1883	1.0
1968	1884	1.0
1969	1885	1.0000000000000002
1970	1805	0.632566703505281
1970	1886	1.0000000000000002
1971	1887	1.0000000000000002
1972	415	0.5685427214267014
1972	1888	1.0
1973	1889	1.0000000000000002
1974	346	0.5735103566359174
1974	1222	0.5963374853640075
1974	1497	0.6374175194817824
1974	1890	0.9999999999999997
1975	1891	1.0000000000000004
1976	1892	1.0
1977	1893	1.0000000000000002
1978	1894	1.0
1979	1895	1.0
1980	1896	0.9999999999999997
1981	1897	1.0
1982	1898	1.0
1983	1899	0.9999999999999998
1984	1900	1.0
1985	703	0.5367877349541605
1985	1901	1.000000000000001
1986	1902	1.0
1987	1903	1.0000000000000002
1988	1904	1.0000000000000007
1989	1905	1.0000000000000002
1990	1906	0.9999999999999999
1991	1907	1.0000000000000002
1992	1908	1.0000000000000002
1993	1909	0.9999999999999994
1994	1910	1.0
1995	1911	1.0000000000000007
1996	1912	1.0
1997	1913	1.0000000000000007
1998	1648	0.5458986287424716
1998	1914	1.0
1999	1915	1.0000000000000002
2000	146	0.9570216964964278
2000	574	0.5952368842984472
2000	677	0.5473756634111305
2000	841	0.5060645903140968
2000	908	1.0000000000000002
2000	1010	0.529635449871703
2000	1148	0.6154115720575072
2000	1170	1.0000000000000002
2000	1793	1.0000000000000002
2000	1916	1.0000000000000002
2000	1997	0.5852156599005128
2001	1917	1.0
2002	1918	1.0000000000000004
2003	1776	0.5621603816537938
2003	1919	1.0
2004	1920	1.0
2005	1921	1.0
2006	1922	1.0000000000000002
2007	1923	1.0000000000000002
2008	1924	0.9999999999999999
2009	1925	0.9999999999999999
2010	1926	0.9999999999999998
2011	1927	1.0000000000000002
2012	1928	1.0000000000000002
2013	1929	1.0
2014	1930	1.0
2015	1931	1.0
2016	1932	1.0
2017	1933	0.9999999999999999
2018	1934	0.9999999999999998
2019	1935	1.0
2020	1936	0.9999999999999998
2021	1937	1.0000000000000004
2022	1938	1.0000000000000002
2023	1939	1.0
2024	1940	1.0000000000000004
2025	1941	0.9999999999999999
2026	1942	0.9999999999999999
2027	1943	1.0000000000000002
2028	1944	1.0000000000000007
2029	1945	1.0000000000000002
2030	1946	1.0
2031	1947	1.0
2032	911	0.5140143313639278
2032	1948	0.9999999999999998
2033	1949	1.0000000000000002
2034	1950	0.9999999999999999
2035	1951	0.9999999999999999
2036	1952	1.0
2037	1953	1.0000000000000002
2038	1954	1.0000000000000002
2039	1955	1.0
2040	1956	1.0
2041	1957	1.0
2042	1958	1.0000000000000004
2043	1959	1.0000000000000002
2044	1960	1.0000000000000004
2045	1961	1.0
2046	1962	1.0000000000000002
2047	1963	1.0
2048	1964	1.0000000000000002
2049	1965	1.0
2050	1966	0.9999999999999999
2051	1967	0.9999999999999999
2052	1968	0.9999999999999999
2053	1969	1.0
2054	1970	1.0
2055	1971	1.0000000000000002
2056	1972	1.0
2057	1973	1.0000000000000002
2058	1974	1.0
2059	1975	0.9999999999999998
2060	1976	1.0000000000000004
2061	1977	1.0000000000000002
2062	1978	0.9999999999999993
2063	1777	0.5036119771719536
2063	1979	1.0
2064	296	0.5454500648036383
2064	1099	0.6418256671180562
2064	1980	1.0000000000000002
2065	1981	1.0000000000000002
2066	1982	0.9999999999999999
2067	1983	1.0000000000000004
2068	1984	0.9999999999999999
2069	1985	1.0
2069	2209	0.6138085023541491
2070	1986	0.9999999999999998
2071	1987	1.0
2072	1988	1.0
2073	1989	1.0
2074	1990	1.0000000000000002
2075	1991	0.9999999999999998
2076	1992	1.0
2077	1993	1.0000000000000002
2078	1994	1.0000000000000002
2079	1995	1.0
2080	1996	0.9999999999999999
2081	146	0.5286323167907354
2081	908	0.5852156599005128
2081	1170	0.5852156599005128
2081	1793	0.5852156599005128
2081	1916	0.5852156599005128
2081	1997	1.0000000000000002
2081	2298	0.6156868673615469
2082	1998	1.0000000000000002
2083	1999	1.0000000000000004
2084	2000	1.0
2085	2001	1.0000000000000002
2086	2002	1.0
2087	2003	0.9999999999999994
2088	2004	1.0000000000000004
2089	2005	1.0000000000000002
2090	2006	1.0000000000000002
2091	2007	0.9999999999999991
2092	2008	1.0
2093	2009	0.9999999999999999
2094	2010	1.0000000000000004
2094	2411	0.6828618809470154
2095	2011	1.0000000000000002
2096	2012	1.0000000000000002
2097	2013	1.0000000000000007
2098	2014	1.0000000000000009
2099	2015	1.0
2100	2016	1.0000000000000004
2101	2017	1.0000000000000002
2102	2018	0.9999999999999996
2103	2019	1.0
2104	2020	1.0
2105	2021	1.0
2106	2022	1.0000000000000009
2107	2023	1.0000000000000002
2108	2024	1.0
2109	2025	1.0
2110	217	0.53295908842923
2110	1525	0.5824433532670095
2110	2026	1.0000000000000002
2111	2027	0.9999999999999999
2112	2028	1.0000000000000004
2113	2029	0.9999999999999999
2114	2030	1.0000000000000002
2115	2031	1.0000000000000002
2116	2032	1.0000000000000002
2117	2033	1.0
2118	2034	1.0
2119	2035	1.0
2120	2036	1.0
2121	2037	1.0000000000000002
2122	2038	1.0000000000000002
2123	2039	0.9999999999999997
2124	2040	0.9999999999999996
2125	2041	1.0000000000000002
2126	2042	1.0
2127	1534	0.5312680002126429
2127	2043	0.9999999999999998
2128	2044	1.0
2129	2045	0.9999999999999997
2130	2046	1.0000000000000004
2131	2047	1.0000000000000002
2132	2048	1.0000000000000002
2133	2049	1.0
2134	2050	1.0000000000000002
2135	2051	1.0
2136	2052	0.9999999999999999
2137	2053	1.0000000000000002
2138	2054	1.0
2139	2055	1.0000000000000002
2140	2056	1.0000000000000004
2141	2057	1.0000000000000002
2142	2058	1.0000000000000007
2143	2059	1.0000000000000004
2144	2060	0.9999999999999998
2145	2061	1.0000000000000004
2146	2062	0.9999999999999994
2147	2063	1.0
2148	2064	1.0
2149	2065	1.0000000000000002
2150	2066	1.0000000000000002
2151	2067	0.9999999999999999
2152	2068	0.9999999999999999
2152	2393	0.5951875355646044
2153	2069	0.9999999999999999
2154	2070	0.9999999999999996
2155	2071	1.0000000000000004
2156	2072	0.9999999999999999
2157	2073	1.0000000000000002
2158	2074	1.0
2159	2075	0.9999999999999996
2160	2076	1.0
2161	2077	1.0
2162	2078	1.0000000000000002
2163	2079	0.9999999999999999
2164	2080	1.0000000000000007
2165	2081	1.0000000000000002
2166	2082	1.0
2167	2083	1.0
2168	2084	1.0000000000000002
2169	2085	1.0000000000000002
2170	2086	1.0
2171	2087	0.9999999999999999
2172	2088	1.0
2173	2089	1.0
2174	2090	1.0000000000000002
2175	2091	0.9999999999999996
2176	2092	0.9999999999999999
2177	2093	1.0000000000000002
2178	2094	1.0000000000000007
2179	2095	1.0
2180	2096	0.9999999999999999
2181	2097	1.0000000000000002
2182	622	0.7312703710496723
2182	1875	0.6609774647754383
2182	2098	0.9999999999999998
2182	2291	0.6505757703321217
2183	2099	1.0000000000000004
2184	2100	1.0000000000000004
2185	2101	0.9999999999999996
2186	2102	1.0000000000000002
2187	2103	1.0000000000000002
2188	2104	0.9999999999999994
2189	2105	1.0000000000000002
2190	2106	1.0000000000000004
2191	2107	1.0000000000000004
2192	2108	1.0
2193	2109	0.9999999999999996
2194	2110	1.0000000000000002
2195	2111	1.0
2196	2112	1.0000000000000004
2197	2113	1.0
2198	2114	1.0000000000000002
2199	2115	0.9999999999999998
2200	2116	1.0
2201	2117	1.0000000000000002
2202	2118	1.0000000000000007
2203	2119	1.0
2204	2120	1.0
2205	2121	1.0000000000000004
2206	2122	1.0000000000000002
2207	2123	1.0000000000000002
2208	2124	0.9999999999999998
2209	2125	0.9999999999999998
2210	2126	1.0000000000000002
2211	2127	0.9999999999999994
2212	2128	1.0000000000000002
2213	2129	1.0000000000000002
2214	2130	0.9999999999999999
2215	2131	1.0000000000000004
2216	2132	1.0
2217	2133	1.0000000000000002
2218	2134	0.9999999999999999
2219	2135	1.0000000000000004
2220	2136	0.9999999999999998
2221	2137	0.9999999999999997
2222	2138	1.0000000000000002
2223	2139	1.0000000000000002
2224	2140	0.9999999999999999
2225	2141	1.0000000000000007
2226	2142	1.0000000000000002
2227	2143	1.0
2228	2144	1.0000000000000002
2229	2145	1.0000000000000007
2230	2146	1.0000000000000002
2231	2147	1.0
2232	2148	1.0
2233	2149	1.0
2234	2150	1.0000000000000002
2235	2151	1.0
2236	2152	1.0000000000000018
2237	2153	1.0000000000000002
2238	2154	1.0000000000000002
2239	2155	1.0000000000000002
2240	2156	0.9999999999999998
2241	2157	1.0
2242	2158	0.9999999999999998
2243	2159	1.0
2244	2160	0.9999999999999996
2245	2161	0.9999999999999999
2246	2162	1.0000000000000013
2247	1730	0.5300642606544601
2247	2163	1.0
2248	2164	1.0
2249	2165	1.0
2250	2166	1.0
2251	2167	1.0000000000000013
2252	2168	0.9999999999999998
2253	2169	1.0
2254	2170	1.0000000000000004
2255	2171	1.0
2256	2172	1.0000000000000002
2257	2173	1.0000000000000002
2258	2174	1.0
2259	2175	0.9999999999999996
2260	2176	1.0000000000000004
2261	2177	0.9999999999999992
2262	2178	1.0
2263	2179	1.0000000000000002
2264	2180	1.0
2265	2181	1.0000000000000004
2266	2182	0.9999999999999999
2267	2183	1.0
2268	2184	0.9999999999999999
2269	2185	1.0000000000000004
2270	2186	1.0000000000000002
2271	2187	1.0000000000000002
2272	2188	1.0000000000000002
2273	2189	1.0
2274	2190	0.9999999999999997
2275	2191	1.0000000000000007
2276	2192	1.0000000000000002
2277	2193	1.0000000000000002
2278	2194	1.0000000000000002
2279	2195	0.9999999999999998
2280	676	0.6388791584131654
2280	2196	1.0
2281	2197	1.0000000000000002
2282	2198	1.0
2283	2199	1.0
2284	2200	1.0
2285	2201	1.0000000000000002
2286	2202	1.0000000000000002
2287	2203	0.9999999999999993
2288	2204	1.0000000000000002
2289	2205	1.0000000000000002
2290	2206	1.0000000000000004
2291	2207	1.0000000000000002
2292	2208	1.0
2293	1985	0.6138085023541491
2293	2209	1.0000000000000002
2294	2210	0.9999999999999996
2295	2211	0.9999999999999999
2296	2212	0.9999999999999996
2297	2213	1.0
2298	2214	1.0000000000000002
2299	2215	0.9999999999999999
2300	2216	1.0000000000000007
2301	2217	1.0
2302	2218	1.0000000000000002
2303	2219	0.9999999999999994
2304	1503	0.5262088297343797
2304	2220	1.0000000000000002
2305	2221	1.0000000000000002
2306	2222	1.000000000000001
2307	1310	0.5890529333206035
2307	2223	1.0
2308	2224	1.0000000000000002
2309	2225	0.9999999999999999
2310	2226	0.9999999999999988
2311	2227	0.9999999999999999
2312	2228	0.9999999999999997
2313	2229	1.0000000000000022
2314	2230	0.9999999999999999
2315	2231	1.0000000000000002
2316	2232	1.0000000000000004
2317	2233	0.9999999999999998
2318	2234	1.0000000000000002
2319	2235	1.0
2320	2236	0.9999999999999999
2321	2237	1.0000000000000009
2322	2238	0.9999999999999998
2323	2239	0.9999999999999994
2324	2240	1.0000000000000002
2325	2241	1.0000000000000002
2326	2242	1.0
2327	2243	1.0000000000000002
2328	2244	1.0
2329	2245	0.9999999999999999
2330	2246	1.0000000000000002
2331	2247	1.0000000000000002
2332	2248	1.0000000000000002
2333	2249	1.0000000000000002
2334	2250	1.0000000000000004
2335	2251	1.0
2336	2252	1.0000000000000004
2337	2253	1.0
2338	2254	1.0
2339	1782	0.5460994025755392
2339	2255	1.0000000000000002
2340	2256	1.0
2341	2257	1.0000000000000002
2342	2258	0.9999999999999998
2343	2259	0.9999999999999997
2344	2260	1.0000000000000002
2345	2261	1.0
2346	2262	1.0000000000000002
2347	2263	1.0000000000000002
2348	2264	1.000000000000001
2349	2265	1.0
2350	2266	1.0000000000000002
2351	2267	1.0
2352	2268	1.0000000000000002
2353	2269	1.0
2354	282	0.6143662486602866
2354	676	0.5472382879378824
2354	2270	1.0
2355	2271	1.0
2356	2272	1.0000000000000002
2357	2273	1.0000000000000002
2358	2274	0.9999999999999999
2359	2275	1.0000000000000002
2360	2276	1.0000000000000018
2361	2277	1.0000000000000002
2362	2278	1.0000000000000002
2363	2279	1.0000000000000004
2364	2280	0.9999999999999997
2365	2281	1.0000000000000002
2366	2282	1.0
2367	2283	1.0
2368	2284	1.0
2369	2285	1.0
2370	2286	1.0
2371	2287	0.9999999999999999
2372	2288	0.9999999999999991
2373	2289	0.9999999999999997
2374	2290	1.0
2375	622	0.6043223198314613
2375	1875	0.560838362950897
2375	2098	0.6505757703321217
2375	2291	1.0000000000000002
2376	2292	1.0
2377	2293	1.0
2378	2294	0.9999999999999996
2379	2295	1.0000000000000002
2380	2296	1.0000000000000002
2381	2297	0.9999999999999999
2382	1997	0.6156868673615469
2382	2298	1.0
2383	2299	1.0
2384	2300	1.0
2385	2301	1.0
2386	2302	1.0000000000000002
2387	2303	1.0
2388	2304	1.0000000000000002
2389	2305	1.0
2390	2306	1.0000000000000002
2391	2307	1.0000000000000002
2392	2308	1.0
2393	2309	1.0000000000000007
2394	2310	0.9999999999999993
2395	2311	1.0
2396	2312	1.0
2397	2313	1.0
2398	2314	1.0
2399	2315	1.0000000000000009
2400	2316	1.0
2401	2317	1.0000000000000002
2402	2318	1.0
2403	2319	1.0000000000000002
2404	2320	1.0
2405	2321	1.0
2406	2322	1.0000000000000009
2408	2323	1.0000000000000002
2409	2324	1.0000000000000002
2410	2325	1.0000000000000007
2411	2326	1.0
2412	2327	0.9999999999999998
2413	2328	1.0000000000000002
2414	2329	1.0000000000000002
2415	2330	0.9999999999999999
2416	2331	0.9999999999999998
2417	2332	1.0
2419	2333	1.0
2420	2334	1.0000000000000002
2421	2335	1.0000000000000002
2422	553	0.512916998183966
2422	2336	0.9999999999999996
2423	2337	0.9999999999999999
2424	2338	1.0000000000000002
2425	2339	1.0000000000000004
2426	2340	1.0
2427	2341	1.0000000000000002
2428	2342	1.0000000000000002
2429	2343	1.0
2430	2344	1.0
2431	2345	1.0000000000000002
2432	2346	1.0000000000000007
2433	2347	1.0
2434	2348	0.9999999999999998
2435	2349	1.0000000000000002
2436	2350	1.0000000000000002
2437	2351	1.0
2438	2352	1.0000000000000002
2439	276	0.5462376176582715
2439	2353	1.0
2440	2354	1.0
2441	1377	0.7744232234009821
2441	2355	1.0
2442	2356	1.0000000000000004
2443	2357	0.9999999999999999
2444	2358	1.0000000000000002
2445	2359	1.0000000000000002
2446	2360	1.0000000000000002
2447	2361	0.9999999999999998
2448	2362	0.9999999999999998
2449	2363	1.0000000000000004
2450	2364	1.0
2451	2365	1.0000000000000004
2452	2366	0.9999999999999999
2453	2367	0.9999999999999999
2454	1484	0.577416067497588
2454	2368	1.0000000000000002
2455	2369	0.9999999999999998
2456	2370	0.9999999999999996
2457	2371	1.0000000000000004
2458	2372	1.0000000000000004
2459	2373	1.0000000000000002
2460	2374	1.0000000000000004
2461	2375	0.9999999999999999
2462	2376	1.0
2463	2377	1.0000000000000002
2464	2378	1.0000000000000002
2465	2379	1.0000000000000002
2466	2380	0.9999999999999999
2467	2381	1.0000000000000004
2468	2382	1.0000000000000024
2469	2383	1.0000000000000002
2470	2384	0.9999999999999999
2471	2385	1.0000000000000002
2472	2386	1.0
2473	2387	0.9999999999999999
2474	2388	1.0000000000000002
2475	2389	1.0000000000000002
2476	2390	1.0
2477	2391	1.0000000000000002
2478	2392	1.0000000000000002
2479	2068	0.5951875355646044
2479	2393	1.0000000000000007
2480	2394	1.0000000000000002
2481	2395	1.0000000000000002
2482	2396	0.9999999999999992
2483	2397	1.0000000000000002
2484	2398	1.0000000000000002
2485	2399	0.9999999999999999
2486	2400	1.0
2487	2401	1.0
2488	1463	0.577772484620072
2488	2402	1.0
2489	2403	1.0
2490	2404	1.0
2491	2405	1.0000000000000002
2492	2406	1.0000000000000004
2493	2407	1.0
2494	590	0.583930085874801
2494	2408	0.9999999999999999
2495	2409	1.0000000000000004
2496	2410	1.0000000000000002
2497	2010	0.6828618809470154
2497	2411	1.0
2498	296	0.5593908401661284
2498	1099	0.5249744818410761
2498	2412	1.0000000000000002
2499	2413	0.9999999999999999
2500	2414	0.9999999999999996
2501	2415	1.0000000000000004
2502	2416	1.0000000000000004
2503	2417	1.0000000000000004
2504	2418	1.0
2505	2419	1.0000000000000002
2506	2420	0.9999999999999999
2507	2421	1.0000000000000002
2508	2422	1.0000000000000007
2509	2423	1.0
2510	2424	1.0000000000000002
2511	2425	1.0000000000000002
2512	2426	1.0
2513	2427	0.9999999999999999
2514	2428	1.0
2515	2429	1.0000000000000002
2516	2430	1.0000000000000002
2517	2431	1.0000000000000002
2518	2432	0.9999999999999999
2519	2433	0.9999999999999998
2520	2434	0.9999999999999999
2521	2435	1.0000000000000002
2522	2436	0.9999999999999999
2523	2437	1.0
2524	2438	1.0
2525	2439	1.0000000000000004
2526	2440	1.0000000000000002
2527	2441	0.9999999999999996
2528	2442	1.0
2529	2443	1.0
2530	2444	1.0
2531	2445	1.0000000000000002
2532	2446	1.0
2533	2447	1.0
2534	2448	1.0
2535	2449	1.0000000000000009
2536	2450	1.0
2537	2451	1.0000000000000004
2538	2452	1.0
2539	2453	1.0000000000000002
2540	2454	1.0000000000000007
2541	2455	0.9999999999999999
2542	2456	1.0
2543	2457	1.0000000000000002
2544	2458	1.0
2545	2459	1.0000000000000004
2546	2460	1.0
2547	2461	1.0
2548	2462	0.9999999999999998
2549	2463	1.0000000000000002
