event,event_type,avg_views,avg_speed_of_speech,avg_duration,film_date,nof_talks,talks,event_id
AORN Congress,external,149818.0,0.0,8.5,2009-03-14,1,[590],0
Arbejdsglaede Live,external,971594.0,166.2087912087912,18.2,2009-05-05,1,[632],1
BBC TV,external,521974.0,0.0,65.91666666666667,1983-08-07,1,[629],2
Bowery Poetry Club,external,676741.0,0.0,3.033333333333333,2005-12-11,1,[601],3
Business Innovation Factory,external,304086.0,110.97248204613025,18.427777777777777,2009-07-10,3,"[581, 762, 789]",4
Carnegie Mellon University,external,564781.0,0.0,76.45,2007-09-18,1,[588],5
Chautauqua Institution,external,260868.66666666666,127.09430080665679,17.883333333333333,2009-01-10,3,"[324, 325, 327]",6
DICE Summit 2010,external,449161.0,0.0,28.3,2010-02-18,1,[655],7
DLD 2007,external,763815.0,130.7981220657277,31.95,2007-01-01,1,[206],8
EG 2007,external,1037266.7692307692,173.0449404342768,19.582051282051278,2007-02-12,13,"[229, 247, 251, 261, 269, 277, 279, 285, 289, 293, 300, 305, 312]",9
EG 2008,external,2048258.625,169.34713462985977,17.972916666666666,2008-05-12,8,"[393, 398, 407, 412, 428, 451, 566, 569]",10
Elizabeth G. Anderson School,external,1026589.0,126.00801068090789,12.483333333333333,2009-04-04,1,[457],11
Eric Whitacre's Virtual Choir,external,399280.0,0.0,4.25,2010-10-03,1,[665],12
Fort Worth City Council,external,278672.0,0.0,12.916666666666666,2010-12-10,1,[791],13
Full Spectrum Auditions,external,1172357.6666666667,75.6781293542219,5.394444444444445,2011-05-24,3,"[962, 968, 1071]",14
Gel Conference,external,656391.5,0.0,11.783333333333333,2006-08-09,2,"[764, 941]",15
Global Witness HQ,external,1015683.0,137.78251599147123,7.816666666666666,2016-05-04,1,[2182],16
Handheld Learning,external,251313.0,0.0,46.016666666666666,2009-06-10,1,[947],17
Harvard University,external,1406151.0,0.0,20.966666666666665,2008-05-06,1,[607],18
INK Conference,external,1642960.1666666667,149.89314899753455,14.261111111111111,2010-01-12,6,"[914, 918, 924, 976, 1062, 1152]",19
Justice with Michael Sandel,external,393459.0,0.0,54.93333333333333,2005-01-09,1,[580],20
LIFT 2007,external,1486853.0,151.5011914217633,20.983333333333334,2007-02-02,1,[280],21
Michael Howard Studios,external,176995.0,0.0,6.783333333333333,2008-09-10,1,[649],22
Mission Blue II,external,1329472.25,154.44610194839012,14.920833333333336,2015-10-10,8,"[2091, 2092, 2097, 2105, 2111, 2128, 2140, 2152]",23
Mission Blue Voyage,external,535283.3333333334,167.82158022927376,16.162962962962965,2010-04-14,18,"[666, 673, 678, 683, 689, 699, 710, 720, 739, 752, 765, 783, 794, 799, 804, 816, 1132, 1159]",24
New York State Senate,external,292395.0,0.0,7.55,2009-02-12,1,[744],25
NextGen:Charity,external,293626.0,0.0,19.616666666666667,2010-11-16,1,[1016],26
Princeton University,external,659664.0,0.0,18.733333333333334,2010-05-15,1,[738],27
RSA Animate,external,1015765.0,0.0,11.372222222222222,2010-08-19,3,"[751, 833, 1044]",28
Royal Institution,external,318423.0,0.0,57.916666666666664,1991-12-20,1,[600],29
Serious Play 2008,external,925940.125,171.87915864195676,22.814583333333335,2008-05-05,8,"[332, 336, 341, 347, 361, 369, 403, 408]",30
Skoll World Forum 2007,external,418234.0,122.95003965107058,21.016666666666666,2007-01-01,1,[162],31
SoulPancake,external,828203.0,0.0,3.466666666666667,2013-01-24,1,[1430],32
Stanford University,external,4658636.5,0.0,26.25,2005-12-06,2,"[589, 1030]",33
TED Dialogues,satellite,1202384.5,158.0807342486961,53.84166666666667,2017-01-03,2,"[2390, 2424]",34
TED Fellows 2015,satellite,1296514.0,135.95375722543352,11.533333333333333,2015-08-26,1,[2082],35
TED Fellows Retreat 2013,satellite,891319.4,163.32573890689775,7.343333333333334,2013-06-08,5,"[1678, 1695, 1696, 1733, 1833]",36
TED Fellows Retreat 2015,satellite,1758772.5714285714,140.55513069459386,13.06190476190476,2015-08-26,7,"[2070, 2071, 2076, 2077, 2087, 2093, 2101]",37
TED Prize Wish,satellite,421212.0,70.90909090909092,5.866666666666666,2008-03-10,1,[306],38
TED Residency,satellite,967597.8,138.6449365585445,7.053333333333333,2016-12-07,5,"[2326, 2396, 2432, 2466, 2495]",39
TED Senior Fellows at TEDGlobal 2010,satellite,317127.0,113.29411764705883,8.5,2010-07-13,1,[788],40
TED Studio,satellite,1411454.75,132.97617215834845,6.104166666666667,2016-01-06,4,"[2190, 2292, 2300, 2330]",41
TED Talks Education,satellite,4375103.75,138.3116229075411,9.779166666666667,2013-04-04,8,"[1496, 1499, 1500, 1501, 1502, 1503, 1504, 1505]",42
TED Talks Live,satellite,1495886.05,135.47522705902037,11.276666666666667,2015-01-11,20,"[2170, 2180, 2186, 2192, 2208, 2211, 2216, 2218, 2220, 2229, 2248, 2263, 2277, 2282, 2288, 2327, 2331, 2349, 2358, 2399]",43
TED in the Field,satellite,656146.0,130.62944182619407,10.762500000000001,2008-04-12,4,"[358, 612, 691, 1715]",44
TED-Ed,satellite,383722.77777777775,0.0,7.459259259259259,2011-02-11,9,"[1171, 1172, 1173, 1174, 1196, 1201, 1215, 1344, 1489]",45
TED-Ed Weekend,satellite,1057942.0,165.70637119113573,6.016666666666667,2016-03-12,1,[2417],46
TED1984,main,974087.0,154.3138542350624,25.383333333333333,1984-02-02,1,[200],47
TED1990,main,620806.0,128.91710231516058,44.63333333333333,1990-03-03,1,[202],48
TED1994,main,581419.0,165.23478260869564,19.166666666666668,1994-02-20,1,[1131],49
TED1998,main,750886.3333333334,154.339962157242,18.875,1998-02-02,6,"[260, 290, 316, 376, 382, 395]",50
TED2001,main,1858949.0,128.5084244376478,19.677777777777777,2001-01-02,3,"[351, 413, 415]",51
TED2002,main,951474.8928571428,140.12304928067581,19.408928571428568,2002-01-03,28,"[66, 70, 75, 96, 100, 104, 113, 119, 146, 178, 180, 184, 187, 190, 191, 192, 194, 226, 232, 243, 292, 360, 418, 420, 423, 431, 434, 441]",52
TED2003,main,1111202.0882352942,148.4357381266381,16.858823529411765,2001-02-02,34,"[52, 67, 71, 78, 88, 89, 91, 93, 94, 106, 107, 147, 156, 174, 240, 254, 258, 268, 297, 301, 302, 304, 309, 310, 318, 319, 334, 370, 373, 378, 379, 400, 426, 442]",53
TED2004,main,2693643.7741935486,144.1977235797761,18.32365591397849,2004-01-03,31,"[16, 21, 24, 27, 28, 29, 69, 72, 82, 83, 85, 98, 99, 101, 103, 157, 262, 263, 313, 314, 317, 338, 350, 357, 363, 368, 374, 392, 436, 463, 467]",54
TED2005,main,1786186.6486486488,148.4735602106513,18.73063063063063,2005-02-02,37,"[18, 31, 38, 39, 40, 41, 44, 45, 47, 51, 58, 59, 68, 74, 80, 84, 87, 90, 95, 114, 163, 167, 168, 189, 220, 276, 291, 321, 329, 330, 333, 348, 362, 364, 366, 595, 940]",55
TED2006,main,3274345.177777778,144.8216707416058,16.3762962962963,2006-02-02,45,"[0, 1, 2, 3, 4, 5, 6, 7, 8, 9, 10, 11, 12, 13, 14, 15, 17, 20, 22, 23, 37, 43, 46, 49, 53, 55, 60, 61, 86, 92, 97, 102, 105, 115, 120, 208, 282, 307, 337, 342, 356, 365, 371, 377, 512]",56
TED2007,main,1511130.6617647058,151.6638939506713,13.289215686274515,2007-01-03,68,"[63, 64, 65, 108, 109, 110, 111, 116, 117, 118, 121, 122, 123, 124, 125, 126, 136, 137, 138, 140, 142, 143, 145, 148, 149, 150, 151, 152, 153, 154, 158, 159, 165, 166, 169, 170, 171, 172, 173, 175, 176, 177, 179, 181, 182, 185, 186, 188, 193, 196, 198, 211, 212, 222, 225, 236, 239, 244, 252, 267, 286, 296, 349, 438, 477, 482, 667, 966]",57
TED2008,main,2038646.8596491227,146.51761652048938,13.683918128654962,2008-01-03,57,"[197, 199, 201, 203, 204, 205, 207, 210, 213, 214, 215, 216, 219, 221, 224, 227, 228, 230, 231, 234, 235, 238, 241, 242, 246, 248, 249, 250, 255, 257, 259, 265, 266, 271, 272, 273, 275, 278, 283, 288, 294, 298, 299, 303, 308, 311, 315, 320, 331, 335, 339, 344, 345, 346, 353, 375, 459]",58
TED2009,main,1754896.2048192772,143.30480691415914,11.109236947791167,2009-02-02,83,"[380, 381, 383, 384, 385, 386, 387, 388, 389, 390, 391, 394, 396, 397, 399, 401, 402, 404, 405, 406, 409, 410, 411, 414, 416, 417, 419, 421, 422, 424, 425, 427, 429, 430, 432, 433, 435, 437, 439, 440, 443, 444, 445, 446, 447, 448, 449, 450, 452, 453, 454, 455, 456, 458, 460, 461, 462, 464, 465, 466, 468, 469, 472, 473, 475, 478, 479, 480, 481, 483, 484, 485, 487, 488, 489, 490, 493, 503, 516, 534, 549, 587, 664]",59
TED2010,main,1798071.25,142.63137879045985,13.091421568627451,2010-02-02,68,"[614, 615, 616, 618, 620, 622, 624, 626, 628, 630, 631, 633, 634, 635, 638, 641, 644, 645, 646, 648, 650, 652, 653, 654, 656, 659, 660, 661, 662, 663, 668, 669, 670, 672, 674, 675, 676, 680, 681, 682, 685, 687, 688, 690, 692, 694, 695, 698, 700, 703, 704, 706, 707, 708, 709, 713, 714, 717, 721, 722, 723, 725, 735, 785, 796, 806, 813, 1083]",60
TED2011,main,1967864.342857143,145.5496526467066,12.214047619047625,2011-01-03,70,"[879, 880, 881, 882, 883, 885, 886, 888, 889, 890, 892, 894, 896, 899, 900, 901, 902, 903, 904, 906, 910, 912, 913, 916, 917, 919, 920, 923, 925, 927, 928, 930, 931, 932, 933, 934, 936, 937, 938, 939, 942, 943, 946, 948, 950, 953, 954, 955, 959, 961, 963, 964, 965, 970, 972, 973, 974, 977, 995, 1002, 1005, 1007, 1013, 1021, 1029, 1047, 1074, 1091, 1095, 1561]",61
TED2012,main,2297266.6764705884,134.18199720211666,11.970098039215685,2012-01-03,68,"[1160, 1161, 1162, 1163, 1164, 1165, 1166, 1167, 1168, 1175, 1176, 1177, 1178, 1179, 1180, 1183, 1185, 1186, 1189, 1190, 1191, 1192, 1193, 1197, 1198, 1199, 1200, 1203, 1207, 1208, 1209, 1212, 1213, 1216, 1217, 1220, 1222, 1223, 1227, 1229, 1230, 1231, 1234, 1235, 1236, 1237, 1238, 1241, 1243, 1245, 1251, 1256, 1257, 1258, 1260, 1263, 1269, 1270, 1288, 1290, 1320, 1353, 1379, 1406, 1411, 1433, 1548, 1702]",62
TED2013,main,2302700.4805194805,141.23545402686756,12.069696969696963,2013-01-03,77,"[1448, 1449, 1450, 1451, 1452, 1453, 1455, 1456, 1458, 1459, 1461, 1462, 1463, 1465, 1466, 1467, 1468, 1471, 1472, 1473, 1474, 1476, 1477, 1481, 1483, 1485, 1486, 1487, 1488, 1491, 1492, 1493, 1494, 1495, 1498, 1506, 1508, 1510, 1511, 1512, 1513, 1514, 1515, 1519, 1521, 1522, 1523, 1524, 1525, 1534, 1539, 1542, 1543, 1545, 1546, 1547, 1552, 1555, 1563, 1565, 1566, 1567, 1574, 1583, 1585, 1589, 1591, 1597, 1618, 1634, 1640, 1669, 1680, 1686, 1693, 1698, 1703]",63
TED2014,main,2072874.0833333333,145.7125118674269,12.295833333333333,2014-02-20,84,"[1704, 1705, 1706, 1707, 1708, 1709, 1710, 1711, 1712, 1713, 1714, 1716, 1717, 1719, 1720, 1722, 1723, 1724, 1725, 1726, 1728, 1729, 1730, 1731, 1734, 1735, 1736, 1737, 1738, 1739, 1740, 1741, 1742, 1743, 1744, 1746, 1747, 1750, 1752, 1753, 1756, 1757, 1758, 1759, 1760, 1761, 1763, 1764, 1766, 1767, 1774, 1775, 1781, 1785, 1786, 1789, 1790, 1792, 1794, 1795, 1796, 1798, 1805, 1806, 1809, 1810, 1815, 1816, 1817, 1819, 1822, 1824, 1826, 1830, 1832, 1836, 1855, 1869, 1877, 1895, 1924, 1928, 1935, 2044]",64
TED2015,main,2011017.4,137.37969811606487,13.485333333333331,2015-03-13,75,"[1941, 1942, 1943, 1944, 1945, 1946, 1947, 1948, 1950, 1951, 1953, 1956, 1957, 1959, 1961, 1962, 1963, 1964, 1965, 1966, 1968, 1969, 1970, 1971, 1972, 1973, 1974, 1975, 1976, 1977, 1978, 1979, 1981, 1982, 1983, 1984, 1985, 1986, 1988, 1990, 1991, 1992, 1993, 1995, 1996, 1997, 2001, 2002, 2003, 2006, 2007, 2008, 2010, 2012, 2016, 2018, 2024, 2026, 2028, 2029, 2031, 2033, 2036, 2042, 2043, 2045, 2047, 2062, 2063, 2065, 2096, 2106, 2115, 2185, 2385]",65
TED2016,main,1812622.142857143,133.1222458639448,12.864718614718615,2016-02-15,77,"[2144, 2145, 2146, 2147, 2148, 2155, 2156, 2157, 2161, 2162, 2163, 2164, 2165, 2166, 2167, 2168, 2171, 2172, 2173, 2174, 2177, 2178, 2179, 2181, 2183, 2184, 2187, 2188, 2189, 2194, 2195, 2196, 2197, 2199, 2201, 2202, 2203, 2205, 2206, 2207, 2209, 2210, 2213, 2214, 2215, 2217, 2219, 2221, 2222, 2223, 2224, 2225, 2227, 2228, 2230, 2231, 2234, 2236, 2237, 2238, 2241, 2242, 2245, 2251, 2257, 2274, 2278, 2280, 2284, 2301, 2316, 2322, 2374, 2407, 2410, 2421, 2468]",66
TED2017,main,1188257.5970149254,141.9463657590398,13.585323383084575,2017-04-24,67,"[2441, 2442, 2443, 2444, 2446, 2448, 2450, 2451, 2453, 2454, 2456, 2458, 2459, 2461, 2463, 2465, 2467, 2470, 2473, 2474, 2475, 2476, 2480, 2481, 2482, 2485, 2486, 2487, 2488, 2490, 2491, 2492, 2494, 2496, 2497, 2498, 2500, 2501, 2502, 2503, 2505, 2506, 2508, 2510, 2511, 2512, 2513, 2515, 2516, 2518, 2519, 2520, 2522, 2523, 2525, 2527, 2529, 2533, 2535, 2536, 2540, 2542, 2546, 2548, 2549, 2550, 2552]",67
TED@BCG Berlin,satellite,1826586.0,121.97042787720754,10.058333333333334,2014-10-11,2,"[1878, 1894]",68
TED@BCG London,satellite,2429581.25,126.22201772534038,11.554166666666665,2015-01-07,4,"[2038, 2056, 2064, 2176]",69
TED@BCG Paris,satellite,1469647.1818181819,141.76944863789464,13.684848484848485,2016-05-18,11,"[2235, 2239, 2247, 2250, 2252, 2258, 2267, 2281, 2289, 2293, 2305]",70
TED@BCG San Francisco,satellite,1811240.142857143,148.72685011020167,10.969047619047618,2013-10-22,7,"[1648, 1659, 1667, 1670, 1675, 1685, 1694]",71
TED@BCG Singapore,satellite,1270194.0,126.0034564615389,12.761111111111111,2013-10-10,3,"[1627, 1646, 1660]",72
TED@Bangalore,satellite,1115222.0,149.51871657754012,9.35,2012-05-20,1,[1380],73
TED@Cannes,satellite,1398880.2,156.56670383793295,11.16,2010-06-15,5,"[718, 726, 768, 777, 949]",74
TED@IBM,satellite,1577287.6,143.60716716442388,11.559999999999999,2014-09-15,10,"[1848, 1860, 2089, 2099, 2356, 2361, 2371, 2381, 2389, 2393]",75
TED@Intel,satellite,921813.3333333334,163.44107480786315,10.994444444444445,2013-03-27,3,"[1479, 1490, 1507]",76
TED@Johannesburg,satellite,1594495.0,160.06389776357827,5.216666666666667,2012-03-05,1,[1395],77
TED@London,satellite,1123786.0,125.0625,5.333333333333333,2012-04-22,1,[1373],78
TED@MotorCity,satellite,717596.0,160.5778740219005,13.283333333333333,2011-08-01,2,"[860, 872]",79
TED@NYC,satellite,1727504.7,156.48832190287828,6.035,2013-08-10,10,"[1639, 1721, 1804, 1807, 1813, 1814, 1820, 1831, 1850, 2034]",80
TED@Nairobi,satellite,926948.0,139.60099750623442,6.683333333333334,2012-05-05,1,[1392],81
TED@New York,satellite,1649090.0,127.38868293239102,5.104166666666666,2012-07-06,4,"[1381, 1386, 1396, 1558]",82
TED@SXSWi,satellite,655406.0,152.21311475409837,8.133333333333333,2012-09-04,1,[1228],83
TED@State,satellite,927566.4,152.5740601042066,17.21333333333333,2009-03-06,5,"[471, 476, 486, 502, 522]",84
TED@State Street Boston,satellite,1372270.1666666667,144.28777127252746,10.891666666666666,2013-06-11,6,"[1656, 1668, 1681, 1690, 1868, 2198]",85
TED@State Street London,satellite,2647157.0,110.64308681672026,10.366666666666667,2014-11-20,1,[1905],86
TED@StateStreet Boston,satellite,1677370.0,162.9708222811671,12.566666666666666,2015-03-11,1,[2149],87
TED@UPS,satellite,1798297.8,136.92159913819393,11.553333333333333,2015-02-09,5,"[2095, 2312, 2320, 2340, 2543]",88
TED@Unilever,satellite,1793167.3333333333,139.5414310326358,13.422222222222222,2014-09-17,3,"[1828, 1839, 1844]",89
TEDActive 2011,satellite,1256086.3333333333,146.33900136446462,5.816666666666666,2011-03-03,3,"[907, 951, 957]",90
TEDActive 2014,satellite,1467561.0,156.25853688175962,11.908333333333333,2014-03-20,2,"[1749, 1769]",91
TEDActive 2015,satellite,1531062.0,128.14404432132963,6.016666666666667,2015-03-19,1,[2191],92
TEDCity2.0,satellite,1117556.0909090908,147.9922239678999,12.893939393939393,2013-09-20,11,"[1600, 1604, 1606, 1620, 1625, 1626, 1641, 1643, 1647, 1689, 1803]",93
TEDGlobal 2005,global,1639062.576923077,166.48096995982138,18.49615384615385,2005-01-07,26,"[19, 25, 26, 30, 32, 33, 34, 35, 36, 42, 50, 54, 57, 62, 73, 77, 79, 81, 141, 183, 217, 245, 256, 284, 295, 354]",94
TEDGlobal 2007,global,562149.7777777778,131.8625443870005,15.073456790123455,2007-04-06,27,"[127, 128, 129, 130, 131, 132, 133, 134, 135, 139, 144, 155, 164, 195, 209, 218, 223, 233, 237, 253, 264, 270, 274, 281, 287, 322, 340]",95
TEDGlobal 2009,global,1679020.8,148.2245754956205,13.520000000000001,2009-07-07,65,"[491, 492, 494, 495, 496, 497, 498, 499, 500, 501, 504, 505, 506, 507, 508, 509, 510, 511, 513, 514, 515, 517, 518, 519, 520, 521, 523, 524, 525, 526, 527, 528, 530, 531, 532, 533, 535, 536, 537, 540, 541, 542, 543, 544, 545, 546, 547, 548, 550, 551, 552, 554, 557, 559, 560, 563, 564, 568, 571, 572, 576, 578, 582, 584, 696]",96
TEDGlobal 2010,global,1338909.8545454545,153.53274266312755,14.411515151515154,2010-07-13,55,"[728, 729, 730, 731, 732, 733, 734, 736, 740, 741, 742, 743, 745, 746, 747, 749, 750, 754, 755, 756, 758, 759, 760, 766, 767, 769, 770, 771, 772, 773, 775, 778, 779, 781, 782, 786, 790, 792, 793, 795, 798, 801, 802, 803, 805, 807, 808, 810, 811, 812, 815, 818, 823, 825, 875]",97
TEDGlobal 2011,global,1717760.955882353,149.17274966284845,13.213480392156866,2011-07-13,68,"[978, 979, 980, 981, 982, 983, 984, 985, 986, 987, 988, 989, 990, 991, 992, 993, 994, 997, 999, 1000, 1001, 1003, 1004, 1009, 1010, 1011, 1012, 1017, 1019, 1020, 1022, 1023, 1024, 1025, 1026, 1027, 1031, 1032, 1033, 1035, 1036, 1037, 1038, 1039, 1041, 1042, 1043, 1045, 1048, 1049, 1050, 1051, 1052, 1056, 1057, 1058, 1063, 1065, 1066, 1070, 1075, 1088, 1090, 1098, 1113, 1114, 1150, 1158]",98
TEDGlobal 2012,global,2072436.4142857143,148.67628811935552,12.854523809523808,2012-06-19,70,"[1276, 1277, 1278, 1279, 1280, 1283, 1284, 1287, 1291, 1292, 1294, 1295, 1298, 1299, 1301, 1302, 1305, 1307, 1308, 1312, 1313, 1315, 1318, 1322, 1323, 1324, 1325, 1326, 1329, 1330, 1331, 1332, 1333, 1335, 1336, 1337, 1340, 1342, 1343, 1346, 1348, 1349, 1351, 1352, 1354, 1355, 1356, 1357, 1358, 1359, 1360, 1361, 1362, 1363, 1364, 1368, 1370, 1383, 1388, 1393, 1397, 1404, 1409, 1418, 1434, 1442, 1444, 1460, 1480, 1697]",99
TEDGlobal 2013,global,2584162.6666666665,144.1126179608245,13.044191919191922,2013-06-13,66,"[1526, 1527, 1528, 1529, 1530, 1531, 1532, 1535, 1540, 1544, 1549, 1550, 1551, 1556, 1557, 1559, 1571, 1573, 1575, 1576, 1577, 1578, 1581, 1582, 1584, 1586, 1587, 1588, 1596, 1598, 1599, 1601, 1607, 1608, 1609, 1610, 1613, 1614, 1616, 1617, 1621, 1623, 1624, 1628, 1629, 1630, 1632, 1633, 1635, 1636, 1637, 1657, 1661, 1665, 1676, 1684, 1688, 1692, 1699, 1700, 1701, 1762, 1768, 1779, 1787, 1913]",100
TEDGlobal 2014,global,1316166.5294117648,139.92476690199362,12.816666666666666,2014-02-10,51,"[1840, 1841, 1842, 1845, 1846, 1849, 1851, 1853, 1858, 1859, 1861, 1862, 1864, 1865, 1867, 1871, 1873, 1876, 1880, 1881, 1882, 1884, 1885, 1889, 1890, 1893, 1897, 1898, 1899, 1900, 1902, 1904, 1906, 1907, 1909, 1910, 1916, 1921, 1922, 1925, 1929, 1932, 1933, 1934, 1949, 1952, 1954, 1989, 2039, 2057, 2133]",101
TEDGlobal 2017,global,556081.3333333334,118.41915769471291,12.933333333333332,2017-08-27,3,"[2538, 2545, 2547]",102
TEDGlobal>Geneva,global,3385407.909090909,150.6922962981688,14.933333333333332,2015-08-12,11,"[2109, 2113, 2117, 2120, 2123, 2126, 2127, 2130, 2137, 2142, 2158]",103
TEDGlobal>London,global,2064506.923076923,150.30459259237716,13.376923076923077,2015-06-16,13,"[2066, 2069, 2072, 2074, 2075, 2078, 2079, 2083, 2094, 2110, 2118, 2121, 2131]",104
TEDGlobalLondon,global,2540274.625,152.8131787054163,15.416666666666668,2015-06-16,8,"[2014, 2021, 2025, 2032, 2035, 2041, 2053, 2061]",105
TEDIndia 2009,satellite,1359084.8857142858,142.50811629609146,14.127142857142857,2009-02-11,35,"[553, 556, 558, 561, 562, 565, 567, 570, 573, 574, 575, 577, 579, 583, 586, 591, 592, 593, 597, 599, 604, 605, 606, 608, 623, 627, 643, 651, 671, 679, 712, 716, 757, 761, 797]",106
TEDLagos Ideas Search,satellite,1248544.0,119.38677902408472,7.766666666666667,2017-11-02,2,"[2439, 2447]",107
TEDMED 2009,med,2246144.4545454546,163.31335613031163,17.57121212121212,2009-10-10,11,"[596, 598, 602, 609, 611, 617, 621, 636, 639, 642, 657]",108
TEDMED 2010,med,476313.25,167.48461905890514,18.775000000000002,2010-10-10,4,"[850, 855, 858, 877]",109
TEDMED 2011,med,772050.2857142857,148.89185136257763,14.226190476190476,2011-10-24,7,"[1077, 1084, 1089, 1096, 1100, 1122, 1128]",110
TEDMED 2012,med,1351932.7,152.17390521285446,13.948333333333334,2012-04-15,10,"[1255, 1261, 1268, 1274, 1285, 1339, 1345, 1350, 1441, 1464]",111
TEDMED 2013,med,1681900.375,140.52952896654216,14.962500000000002,2013-04-16,8,"[1520, 1536, 1560, 1594, 1602, 1605, 1653, 2019]",112
TEDMED 2014,med,1743995.6,135.03877133420733,13.826666666666668,2014-09-09,10,"[1835, 1843, 1847, 1852, 1856, 1863, 1866, 1872, 1879, 1920]",113
TEDMED 2015,med,2053346.625,139.6730595203196,11.700000000000001,2015-11-18,8,"[2134, 2141, 2150, 2154, 2200, 2271, 2304, 2308]",114
TEDMED 2016,med,1241130.7,128.910646282775,13.444999999999999,2016-11-30,10,"[2377, 2406, 2422, 2427, 2437, 2449, 2455, 2478, 2499, 2507]",115
TEDNYC,satellite,1242737.7894736843,147.4299370677169,11.171929824561404,2016-02-11,19,"[2286, 2291, 2297, 2311, 2325, 2339, 2387, 2397, 2401, 2416, 2428, 2431, 2434, 2436, 2469, 2471, 2479, 2483, 2504]",116
TEDNairobi Ideas Search,satellite,696847.0,118.93909626719058,8.483333333333333,2017-08-02,1,[2460],117
TEDPrize@UN,satellite,793762.0,134.2668385832228,15.008333333333333,2010-11-18,2,"[869, 905]",118
TEDSalon 2006,salon,1096889.75,154.40724118275745,7.716666666666667,2006-01-12,4,"[48, 56, 76, 112]",119
TEDSalon 2007 Hot Science,salon,887816.0,181.75129761927565,17.066666666666666,2007-09-09,2,"[160, 161]",120
TEDSalon 2009 Compassion,salon,281816.3333333333,133.66283157118758,16.494444444444444,2009-01-10,3,"[323, 326, 328]",121
TEDSalon Berlin 2014,salon,1704352.5,141.73898837226764,14.666666666666666,2014-06-23,10,"[1782, 1793, 1797, 1811, 1821, 1829, 1837, 1838, 1854, 1857]",122
TEDSalon London 2009,salon,956175.0,146.1105527638191,16.583333333333332,2009-09-21,1,[555],123
TEDSalon London 2010,salon,1385166.0,157.97241113234324,16.069047619047616,2010-04-11,7,"[701, 705, 715, 846, 854, 867, 874]",124
TEDSalon London Fall 2011,salon,2229000.0,137.95779118898366,12.166666666666668,2011-08-11,2,"[1139, 1210]",125
TEDSalon London Fall 2012,salon,2374096.8333333335,168.34403738277848,11.847222222222223,2012-07-11,6,"[1400, 1403, 1405, 1410, 1416, 1426]",126
TEDSalon London Spring 2011,salon,1051931.3333333333,161.88308480653944,13.466666666666667,2011-05-18,6,"[967, 975, 1034, 1055, 1121, 1135]",127
TEDSalon London Spring 2012,salon,1087659.8,159.66678620731528,13.166666666666666,2012-10-05,5,"[1262, 1300, 1314, 1334, 1377]",128
TEDSalon NY2011,salon,1526589.3333333333,141.75233884371588,17.16111111111111,2010-11-18,6,"[838, 1078, 1085, 1097, 1117, 1153]",129
TEDSalon NY2012,salon,952505.75,157.79559922361312,20.241666666666667,2012-01-17,4,"[1116, 1221, 1407, 1412]",130
TEDSalon NY2013,salon,2861639.4545454546,162.3229555734751,16.52878787878788,2013-01-10,11,"[1439, 1446, 1509, 1516, 1537, 1579, 1593, 1595, 1603, 1611, 1619]",131
TEDSalon NY2014,salon,2085391.4545454546,159.12168747356125,15.51969696969697,2014-01-15,11,"[1754, 1755, 1770, 1772, 1773, 1777, 1783, 1801, 1808, 1823, 1875]",132
TEDSalon NY2015,salon,1711049.0,135.88390501319262,18.95,2015-12-05,1,[2005],133
TEDSummit,satellite,1529962.5588235294,145.0698142929194,13.84460784313725,2016-06-26,34,"[2243, 2244, 2249, 2253, 2254, 2255, 2256, 2260, 2262, 2264, 2265, 2269, 2270, 2272, 2275, 2276, 2283, 2285, 2290, 2294, 2295, 2296, 2299, 2302, 2303, 2307, 2309, 2318, 2321, 2329, 2334, 2336, 2347, 2365]",134
TEDWomen 2010,women,1298086.3823529412,144.7599076827574,12.066666666666665,2010-02-12,34,"[826, 827, 828, 829, 831, 834, 835, 839, 842, 844, 845, 847, 849, 853, 856, 859, 861, 863, 865, 866, 871, 873, 876, 878, 884, 893, 908, 926, 944, 996, 1006, 1015, 1137, 1142]",135
TEDWomen 2013,women,2504862.888888889,148.64476523267632,12.944444444444446,2013-04-12,9,"[1642, 1650, 1652, 1654, 1662, 1666, 1673, 1674, 1682]",136
TEDWomen 2015,women,1449901.5,133.74315020264135,12.637500000000001,2015-05-27,28,"[1994, 1998, 1999, 2000, 2004, 2009, 2011, 2013, 2017, 2020, 2022, 2027, 2030, 2037, 2040, 2046, 2048, 2049, 2052, 2054, 2055, 2080, 2084, 2085, 2090, 2108, 2125, 2135]",137
TEDWomen 2016,women,1340356.64,142.8581632812375,14.31,2016-10-26,25,"[2323, 2324, 2328, 2333, 2337, 2341, 2344, 2350, 2352, 2354, 2357, 2364, 2366, 2370, 2373, 2380, 2384, 2391, 2394, 2398, 2402, 2403, 2408, 2413, 2418]",138
TEDYouth 2011,youth,1343912.6666666667,120.81779808500933,7.599999999999999,2011-11-19,3,"[1157, 1382, 1398]",139
TEDYouth 2012,youth,274986.0,0.0,6.466666666666667,2012-11-17,1,[1470],140
TEDYouth 2013,youth,962806.3333333334,177.75340202213968,6.705555555555556,2013-11-16,3,"[1644, 1671, 1691]",141
TEDYouth 2014,youth,1206283.4285714286,168.50582491131925,6.54047619047619,2014-04-11,7,"[1891, 1896, 1903, 1914, 1915, 1917, 1967]",142
TEDYouth 2015,youth,1771105.6,146.71738318835327,6.426666666666667,2015-11-14,5,"[2102, 2103, 2104, 2122, 2153]",143
TEDxABQ,tedx,298776.0,152.8050713153724,10.516666666666667,2011-10-09,1,[1266],144
TEDxAmazonia,tedx,984973.0,144.6949806949807,21.583333333333332,2010-08-11,1,[1827],145
TEDxAmericanRiviera,tedx,4384497.0,139.8522895125554,11.283333333333333,2011-11-11,1,[1143],146
TEDxAmoskeagMillyard,tedx,1059854.0,146.2119815668203,18.083333333333332,2014-11-15,1,[2129],147
TEDxAmsterdam,tedx,830494.0,124.10561393853857,15.3625,2009-11-20,4,"[619, 891, 897, 1127]",148
TEDxArendal,tedx,2065196.0,145.6906077348066,18.1,2014-08-15,1,[1883],149
TEDxAsheville,tedx,418651.0,0.0,20.9,2011-11-13,1,[1156],150
TEDxAthens,tedx,1804191.0,137.13738013923552,17.475,2011-03-12,2,"[1224, 2315]",151
TEDxAtlanta,tedx,668454.0,142.49355116079107,19.383333333333333,2010-01-26,1,[719],152
TEDxAustin,tedx,1178316.75,162.98551177850683,14.537499999999998,2012-11-02,4,"[1239, 1267, 1289, 1541]",153
TEDxBG,tedx,602203.0,164.05204460966542,17.933333333333334,2011-08-01,1,[960],154
TEDxBeaconStreet,tedx,2207495.0454545454,148.36353718552834,12.82878787878788,2012-11-17,22,"[1421, 1424, 1427, 1432, 1677, 1727, 1791, 1834, 1886, 1892, 2112, 2169, 2175, 2319, 2353, 2362, 2378, 2395, 2404, 2414, 2425, 2484]",155
TEDxBeirut,tedx,1233104.0,128.8732394366197,14.2,2012-12-18,1,[1655],156
TEDxBend,tedx,2981683.0,141.5562080081623,12.391666666666666,2015-04-18,2,"[2060, 2259]",157
TEDxBerkeley,tedx,766372.5,148.19150874635568,12.308333333333334,2012-04-02,2,"[1247, 2405]",158
TEDxBerlin,tedx,1015901.0,149.6884186552734,12.388888888888888,2009-11-30,3,"[613, 774, 2355]",159
TEDxBinghamtonUniversity,tedx,4340117.0,161.97651663405085,17.033333333333335,2014-04-04,1,[1918],160
TEDxBloomington,tedx,9484259.5,183.36038524712558,12.2,2011-11-05,2,"[1059, 1129]",161
TEDxBoston,tedx,1186625.6666666667,156.54991054602706,15.894444444444444,2013-06-25,3,"[1572, 1638, 1870]",162
TEDxBoston 2009,tedx,496827.0,171.2704918032787,16.266666666666666,2009-07-28,1,[610],163
TEDxBoston 2010,tedx,816019.0,204.76454293628808,12.033333333333333,2010-07-29,1,[748],164
TEDxBoston 2011,tedx,662538.1666666666,139.35686827584308,11.908333333333331,2011-05-26,6,"[998, 1014, 1018, 1046, 1105, 1126]",165
TEDxBoston 2012,tedx,921852.6666666666,176.24539575428523,12.536111111111111,2012-04-06,6,"[1303, 1319, 1321, 1327, 1341, 1385]",166
TEDxBoulder,tedx,1799298.0,157.9270911079165,12.883333333333335,2013-09-13,3,"[1687, 2015, 2261]",167
TEDxBoulder 2011,tedx,1081729.0,90.14018691588784,12.850000000000001,2011-05-09,2,"[1069, 1079]",168
TEDxBratislava,tedx,1691756.5,147.1279872028955,16.066666666666666,2013-07-18,2,"[1645, 2420]",169
TEDxBrighton,tedx,877106.0,147.27272727272725,17.416666666666668,2012-10-26,1,[1818],170
TEDxBrussels,tedx,1142021.375,132.4619527612806,14.758333333333333,2011-11-17,8,"[1076, 1102, 1112, 1115, 1622, 1887, 2159, 2232]",171
TEDxCERN,tedx,1335957.4285714286,154.61975457059717,11.764285714285714,2013-03-05,7,"[1554, 1612, 1930, 2132, 2138, 2204, 2452]",172
TEDxCHUV,tedx,4682458.0,159.44289693593316,17.95,2012-06-22,1,[1384],173
TEDxCMU,tedx,1473124.5,181.75790304913772,17.166666666666664,2011-03-04,2,"[1082, 1776]",174
TEDxCaFoscariU,tedx,1187105.0,153.48387096774192,10.333333333333334,2013-06-19,1,[1658],175
TEDxCaltech,tedx,1248866.5,175.8422893762303,14.345833333333331,2011-01-14,8,"[922, 929, 935, 1445, 1457, 1469, 1482, 1484]",176
TEDxCambridge,tedx,1608648.375,143.61021272599834,13.797916666666666,2011-11-11,8,"[1181, 1214, 1374, 1938, 2114, 2351, 2493, 2521]",177
TEDxCanberra,tedx,603174.0,111.00006789788158,18.094444444444445,2011-09-24,3,"[1094, 1136, 1908]",178
TEDxCannes,tedx,762041.0,144.96774193548387,15.5,2015-03-28,1,[2088],179
TEDxChange,tedx,1032389.75,159.63288562755298,17.829166666666666,2010-09-20,4,"[780, 784, 787, 1205]",180
TEDxChapmanU,tedx,3098476.0,144.56182472989195,13.883333333333333,2015-08-20,1,[2050],181
TEDxClaremontColleges,tedx,1345444.0,157.00879765395894,17.05,2014-12-02,1,[1800],182
TEDxColbyCollege,tedx,1423637.0,166.5391304347826,9.583333333333334,2013-02-23,1,[1564],183
TEDxColoradoSprings,tedx,1026017.0,171.39240506329114,15.8,2015-10-17,1,[2273],184
TEDxColumbus,tedx,1127858.0,181.38108974933257,15.316666666666666,2013-10-10,2,"[1780, 1923]",185
TEDxColumbusWomen,tedx,2032751.0,150.23904382470118,8.366666666666667,2015-05-28,1,[2423],186
TEDxConcorde,tedx,1193896.0,0.9523809523809524,3.15,2013-01-24,1,[1447],187
TEDxConcordiaUPortland,tedx,3270359.0,90.55350553505535,4.516666666666667,2012-03-31,1,[1218],188
TEDxCreativeCoast,tedx,8444981.0,166.36363636363637,11.733333333333333,2015-01-05,1,[2143],189
TEDxCrenshaw,tedx,744793.0,159.1164658634538,12.45,2016-08-10,1,[2526],190
TEDxDU 2010,tedx,900105.5,133.29006801308344,12.399999999999999,2010-05-13,2,"[809, 817]",191
TEDxDU 2011,tedx,369363.0,146.74591381872213,11.216666666666667,2011-05-13,1,[1092],192
TEDxDanubia,tedx,1537390.0,133.4624145785877,14.633333333333333,2013-03-22,1,[1569],193
TEDxDeExtinction,tedx,751434.5,179.62337401344635,13.983333333333334,2013-03-15,2,"[1518, 1538]",194
TEDxDelft,tedx,919304.0,133.88296192314442,6.891666666666667,2012-05-10,2,"[1437, 2160]",195
TEDxDesMoines,tedx,1279825.0,128.3497536945813,13.533333333333333,2013-08-09,1,[2268],196
TEDxDirigo,tedx,191555.0,159.64570416297607,18.816666666666666,2011-10-09,1,[1093],197
TEDxDubai,tedx,1624741.0,128.50393700787401,10.583333333333334,2010-04-12,1,[898],198
TEDxDublin,tedx,537369.0,162.36565922387112,16.594444444444445,2010-03-29,3,"[1146, 1347, 1371]",199
TEDxEQChCh,tedx,2829484.0,124.37317784256561,17.15,2012-01-09,1,[1389],200
TEDxEast,tedx,728848.4,104.39853668783428,15.59,2010-07-05,5,"[724, 1080, 1125, 1134, 1365]",201
TEDxEastEnd,tedx,1811102.0,168.84112149532712,17.833333333333332,2016-01-30,1,[2212],202
TEDxEdmonton,tedx,1579033.0,192.80373831775702,21.4,2010-03-13,1,[711],203
TEDxEuston,tedx,1318454.0,152.95248868778282,29.466666666666665,2012-01-12,1,[2433],204
TEDxExeter,tedx,1238369.0,135.7000669320721,15.881481481481481,2012-04-20,9,"[1311, 1338, 1788, 1931, 2310, 2338, 2372, 2375, 2532]",205
TEDxFiDiWomen,tedx,1625776.0,197.32075471698113,17.666666666666668,2012-11-30,1,[1517],206
TEDxFrankfurt,tedx,908666.0,166.927374301676,14.916666666666666,2016-11-29,1,[2415],207
TEDxFulbrightDublin,tedx,1052652.0,132.15469613259668,9.05,2016-06-02,1,[2464],208
TEDxGatewayWomen,tedx,1428083.0,132.6268656716418,11.166666666666666,2015-05-29,1,[2193],209
TEDxGeorgetown,tedx,660569.0,136.04439959636733,16.516666666666666,2012-09-29,1,[1394],210
TEDxGhent,tedx,845978.5,142.6893767716263,12.033333333333333,2016-06-18,2,"[2345, 2534]",211
TEDxGlasgow,tedx,1042284.0,173.37612323491658,12.983333333333333,2012-04-03,1,[1420],212
TEDxGoldenGatePark 2012,tedx,4811180.0,211.5463917525773,17.783333333333335,2012-10-10,1,[2051],213
TEDxGoodenoughCollege,tedx,478878.0,142.47761194029852,11.166666666666666,2012-05-05,1,[1415],214
TEDxGrandRapids,tedx,1466095.0,127.67507002801119,17.85,2012-09-05,1,[1264],215
TEDxGreatPacificGarbagePatch,tedx,445571.3333333333,88.51432873471065,6.855555555555555,2010-04-11,3,"[851, 909, 1144]",216
TEDxGroningen,tedx,1453242.0,173.7618147448015,8.816666666666666,2014-11-20,1,[2107],217
TEDxGÃ¶teborg 2010,tedx,463366.0,194.27710843373492,16.6,2010-11-20,1,[852],218
TEDxHamburg,tedx,539207.0,124.93723849372385,11.95,2016-08-06,1,[2531],219
TEDxHampshireCollege,tedx,879676.0,172.9255319148936,18.8,2012-12-10,1,[1414],220
TEDxHelvetia,tedx,1194938.0,175.26627218934914,8.45,2012-09-13,1,[1390],221
TEDxHogeschoolUtrecht,tedx,638247.0,166.7563930013459,12.383333333333333,2011-11-16,1,[1250],222
TEDxHousesOfParliament,tedx,896745.0,144.510213137827,11.752777777777778,2012-06-22,6,"[1317, 1366, 1369, 1590, 1679, 1812]",223
TEDxHouston,tedx,16140250.5,156.63439368768866,19.133333333333333,2010-06-06,2,"[820, 837]",224
TEDxImperialCollege,tedx,1184933.0,186.866485013624,12.233333333333333,2012-03-24,1,[1296],225
TEDxIndianaUniversity,tedx,1134525.0,139.41624365482235,13.133333333333333,2015-11-13,1,[2314],226
TEDxIndianapolis,tedx,3361105.0,182.47706422018348,18.166666666666668,2012-11-19,1,[2023],227
TEDxIslay,tedx,120274.0,0.0,18.633333333333333,2011-04-23,1,[1141],228
TEDxJaffa 2012,tedx,2033797.0,141.4046822742475,14.95,2012-06-09,1,[1408],229
TEDxJaffa 2013,tedx,2931366.0,161.73913043478262,17.633333333333333,2013-10-15,1,[1664],230
TEDxKC,tedx,1320319.5,155.4880578062929,15.575,2009-08-20,4,"[538, 1391, 2059, 2363]",231
TEDxKids@Ambleside,tedx,2954036.0,180.45454545454547,11.0,2013-05-05,1,[1592],232
TEDxKids@Brussels,tedx,438379.0,0.0,16.3,2011-01-06,1,[1067],233
TEDxKrakow,tedx,800418.0,161.38232031091917,12.633333333333333,2011-11-10,2,"[1081, 1206]",234
TEDxKyoto,tedx,3198337.0,103.01892429216176,12.875,2014-04-06,2,"[1784, 1960]",235
TEDxLeuvenSalon,tedx,1189824.0,150.5711086226204,14.883333333333333,2013-09-17,1,[1748],236
TEDxLinnaeusUniversity,tedx,4984884.0,144.9425287356322,17.4,2014-07-11,1,[1919],237
TEDxLondonBusinessSchool,tedx,881361.0,162.4342105263158,15.2,2012-04-27,1,[1273],238
TEDxMIA,tedx,348992.0,0.0,9.716666666666667,2011-09-13,1,[1118],239
TEDxMaastricht,tedx,489351.25,160.1064123787197,12.850000000000001,2011-04-04,4,"[958, 971, 1145, 1233]",240
TEDxManchester,tedx,776641.0,168.59919286321156,15.108333333333334,2016-02-14,2,"[2383, 2544]",241
TEDxManhattan,tedx,1549753.0,175.09123553059536,10.924999999999999,2011-05-23,2,"[1072, 1306]",242
TEDxManhattanBeach,tedx,3251704.0,145.9058578887351,8.861111111111112,2011-10-22,3,"[1064, 2376, 2457]",243
TEDxMarin,tedx,1823682.0,154.75690012440717,14.072222222222223,2013-02-10,3,"[1651, 2116, 2368]",244
TEDxMaui,tedx,1804702.5,153.22516923996838,15.725000000000001,2012-01-22,2,"[1316, 1376]",245
TEDxMet,tedx,4207626.0,157.32686935864936,21.266666666666666,2013-10-16,2,"[1649, 1663]",246
TEDxMiamiUniversity,tedx,407419.0,146.53968253968253,15.75,2012-09-14,1,[1497],247
TEDxMidAtlantic,tedx,2305604.411764706,154.29267924148834,13.662745098039213,2009-09-11,17,"[830, 841, 1106, 1130, 1155, 1419, 1423, 1454, 1631, 2119, 2246, 2382, 2411, 2419, 2429, 2462, 2514]",248
TEDxMidAtlantic 2013,tedx,1597795.5,184.88435971403487,10.541666666666666,2013-01-10,2,"[1718, 1751]",249
TEDxMidwest,tedx,2479920.3333333335,175.66326574820118,17.36111111111111,2010-10-09,3,"[819, 822, 836]",250
TEDxMileHigh,tedx,886226.0,141.72741123854783,14.858333333333334,2016-06-25,4,"[2386, 2509, 2539, 2551]",251
TEDxMonroeCorrectionalComplex,tedx,812963.0,179.3354430379747,10.533333333333333,2014-03-15,1,[1802],252
TEDxMonterey,tedx,166835.0,0.0,11.616666666666667,2012-04-18,1,[1240],253
TEDxMontreal,tedx,571009.0,99.29260450160771,15.55,2015-07-11,1,[2306],254
TEDxMtHood,tedx,3464767.0,167.36842105263156,15.516666666666667,2015-02-05,1,[2343],255
TEDxMuncyStatePrison,tedx,1310078.0,55.3125,9.6,2014-11-21,1,[1980],256
TEDxNASA,tedx,1272304.5,157.76716084156658,16.075,2009-10-09,2,"[647, 658]",257
TEDxNASA@SiliconValley,tedx,155895.0,145.8227848101266,14.483333333333333,2011-08-17,1,[1119],258
TEDxNYED,tedx,1427570.0,166.8928183118741,15.2,2010-06-03,2,"[684, 697]",259
TEDxNatick,tedx,882840.0,148.40864440078587,16.966666666666665,2016-01-23,1,[2412],260
TEDxNewYork,tedx,1795266.6666666667,166.7064557956664,14.408333333333331,2014-01-11,6,"[1874, 1927, 1936, 2313, 2335, 2348]",261
TEDxNewy,tedx,873230.0,183.3041301627034,13.316666666666666,2011-12-11,1,[1188],262
TEDxNextGenerationAsheville,tedx,2152734.0,167.38853503184714,5.233333333333333,2010-08-28,1,[821],263
TEDxNijmegen,tedx,790591.0,154.6638655462185,7.933333333333334,2013-04-18,1,[1562],264
TEDxNorrkoping,tedx,6569493.0,100.16129032258064,10.333333333333334,2014-11-11,1,[1888],265
TEDxNorthwesternU,tedx,1071132.0,194.94680851063828,18.8,2010-12-15,1,[956],266
TEDxO'Porto,tedx,291251.0,183.50318471337582,15.7,2011-03-21,1,[1054],267
TEDxObserver,tedx,162527.0,65.60619872379216,15.066666666666666,2012-10-03,2,"[1195, 1304]",268
TEDxOilSpill,tedx,422485.3333333333,168.53379966675746,17.95,2010-06-28,3,"[727, 737, 753]",269
TEDxOmaha,tedx,1614524.0,118.86160714285714,14.933333333333334,2016-08-10,1,[2359],270
TEDxOrangeCoast,tedx,1624184.0,124.5205479452055,9.733333333333333,2011-05-19,1,[1073],271
TEDxOrcasIsland,tedx,977590.0,121.31274131274132,12.95,2016-05-03,1,[2477],272
TEDxOslo,tedx,1653664.0,160.341061827957,13.183333333333334,2015-01-29,2,"[2086, 2332]",273
TEDxPSU,tedx,1383280.857142857,152.25647674848105,14.454761904761906,2010-10-10,7,"[848, 915, 921, 2226, 2240, 2430, 2489]",274
TEDxParis 2010,tedx,532322.0,149.33358662613983,11.7,2010-01-30,2,"[1008, 1040]",275
TEDxParis 2012,tedx,3840850.0,108.69158878504673,10.7,2012-12-10,1,[1683],276
TEDxPeachtree,tedx,1792571.0,153.31082109125035,18.766666666666666,2010-11-11,3,"[895, 1204, 1259]",277
TEDxPenn,tedx,1349253.0,144.41064638783268,13.15,2015-12-04,1,[2067],278
TEDxPennQuarter,tedx,2434842.0,194.49579831932772,15.866666666666667,2010-11-07,1,[862],279
TEDxPennsylvaniaAvenue,tedx,748485.0,177.085020242915,12.35,2017-09-02,1,[2517],280
TEDxPerth,tedx,1771076.5,157.37290109258194,13.975,2013-10-14,2,"[1732, 2435]",281
TEDxPhoenix,tedx,284685.5,51.95381882770871,13.620833333333334,2011-11-11,4,"[1149, 1169, 1219, 1226]",282
TEDxPittsburgh,tedx,208115.0,0.0,5.633333333333334,2011-11-19,1,[1194],283
TEDxPlaceDesNations,tedx,1010387.0,144.4632153864959,19.483333333333334,2014-11-12,2,"[1911, 1939]",284
TEDxPortland,tedx,2759051.0,153.80281690140845,15.383333333333333,2016-09-04,1,[2379],285
TEDxPortofSpain,tedx,483531.0,88.4848484848485,19.0,2011-11-11,2,"[1182, 1443]",286
TEDxProvidence,tedx,1414721.0,121.4854682454252,15.483333333333333,2014-09-20,1,[2068],287
TEDxPuget Sound ,tedx,34309432.0,165.27675276752768,18.066666666666666,2009-09-17,1,[677],288
TEDxRC2,tedx,496226.0,135.81191368232354,14.983333333333334,2011-11-11,3,"[1099, 1108, 1147]",289
TEDxRainier,tedx,1903610.4,140.61836056817523,12.116666666666667,2010-04-11,5,"[840, 870, 887, 1151, 1425]",290
TEDxRiodelaPlata,tedx,1249848.0,128.352462088493,13.606250000000001,2012-10-24,8,"[1478, 1901, 1926, 1955, 2266, 2409, 2426, 2472]",291
TEDxRotterdam 2010,tedx,1225030.5,93.74188950622472,12.058333333333334,2010-04-06,2,"[824, 868]",292
TEDxSBU,tedx,1290746.0,140.70135746606334,14.733333333333333,2014-11-19,1,[1940],293
TEDxSF,tedx,3658158.0,103.64565587734242,9.783333333333333,2011-11-06,1,[1387],294
TEDxSFU,tedx,1802516.0,137.01199563794984,15.283333333333333,2015-11-15,1,[2360],295
TEDxSMU,tedx,742649.0,109.40061681238153,15.755555555555555,2009-10-10,3,"[603, 1232, 2098]",296
TEDxSaltLakeCity,tedx,888652.0,149.27395934172316,17.216666666666665,2015-09-19,1,[2346],297
TEDxSanDiego,tedx,603703.0,169.6477334596647,6.433333333333334,2011-03-12,2,"[1272, 1375]",298
TEDxSanJoseCA,tedx,832407.0,197.19642857142856,18.666666666666668,2012-04-14,1,[1252],299
TEDxSanMigueldeAllende,tedx,320396.0,68.14111261872456,11.091666666666667,2010-01-11,2,"[969, 1133]",300
TEDxSanQuentin,tedx,2198889.0,149.32126696832577,11.05,2016-01-22,1,[2438],301
TEDxSantaCruz,tedx,287416.0,0.0,15.55,2011-02-03,1,[1060],302
TEDxSeattleU,tedx,1135004.0,192.76119402985074,17.866666666666667,2013-10-02,1,[1475],303
TEDxSeoul,tedx,1841716.0,163.65781710914456,16.95,2010-07-24,1,[1440],304
TEDxSiliconValley,tedx,681873.0,158.5276073619632,16.3,2011-05-14,1,[952],305
TEDxSkoll,tedx,782279.5,129.9357063403782,13.791666666666668,2017-07-04,2,"[2445, 2537]",306
TEDxSonomaCounty,tedx,1623955.0,156.68302257114817,16.983333333333334,2014-06-14,1,[1825],307
TEDxSouthBank,tedx,1863929.0,166.08799048751484,14.016666666666667,2014-10-12,1,[1987],308
TEDxStanford,tedx,1219389.3333333333,161.2872933939794,13.575925925925928,2012-05-19,9,"[1286, 1293, 1309, 1778, 2279, 2298, 2388, 2524, 2530]",309
TEDxSummit,tedx,1602638.4166666667,149.03445579309061,12.743055555555557,2012-04-16,12,"[1242, 1244, 1248, 1249, 1254, 1271, 1275, 1281, 1282, 1297, 1401, 1429]",310
TEDxSussexUniversity,tedx,174326.0,203.57771260997066,17.05,2012-04-27,1,[1253],311
TEDxSydney,tedx,2071388.4615384615,126.30228151166331,12.17051282051282,2010-05-22,13,"[832, 864, 1109, 1533, 1553, 1580, 1765, 1799, 1958, 2073, 2233, 2317, 2528]",312
TEDxTC,tedx,1328491.0,112.6337548754231,15.983333333333333,2009-02-09,3,"[585, 1104, 1202]",313
TEDxTeen,tedx,1008708.5,72.93333333333334,10.158333333333333,2011-02-04,2,"[1068, 1225]",314
TEDxTelAviv 2010,tedx,454360.0,144.30594462857812,15.575,2010-04-26,2,"[800, 814]",315
TEDxThessaloniki,tedx,748969.3333333334,75.9312322497036,17.277777777777775,2011-02-04,3,"[1053, 1435, 2081]",316
TEDxTokyo,tedx,1561750.0,153.12946204122676,8.683333333333334,2013-01-05,2,"[1570, 1937]",317
TEDxToronto,tedx,962489.0,149.7560975609756,10.25,2015-10-22,1,[2342],318
TEDxToronto 2010,tedx,2229338.5,178.79575614457767,12.583333333333332,2010-09-23,4,"[843, 911, 1123, 1140]",319
TEDxToronto 2011,tedx,556946.0,163.9230349296721,15.875,2011-09-23,2,"[857, 1372]",320
TEDxToulouse,tedx,857839.0,142.12173913043478,19.166666666666668,2013-03-16,1,[2100],321
TEDxUCL,tedx,353350.0,0.0,10.033333333333333,2012-03-06,1,[1310],322
TEDxUF,tedx,1155507.0,166.1818181818182,19.25,2015-03-21,1,[2058],323
TEDxUIUC,tedx,598693.0,172.78514588859414,18.85,2011-02-19,1,[1028],324
TEDxUM,tedx,761052.0,148.22558459422282,12.116666666666667,2015-10-31,1,[2139],325
TEDxUMKC,tedx,1509188.0,131.32978723404256,18.8,2013-09-09,1,[1745],326
TEDxUSC,tedx,992195.3333333334,139.30724444107236,13.324074074074073,2009-03-23,9,"[470, 474, 529, 539, 693, 702, 1265, 1328, 1367]",327
TEDxUW,tedx,5917201.0,131.47540983606558,15.25,2011-12-11,1,[1170],328
TEDxUdeM,tedx,618471.0,139.14738124238733,13.683333333333334,2013-03-10,1,[1615],329
TEDxUniversityofNevada,tedx,1713788.0,160.48997772828508,7.483333333333333,2016-01-23,1,[2287],330
TEDxUofM,tedx,1631913.0,138.702807357212,17.216666666666665,2014-03-15,1,[1771],331
TEDxVancouver,tedx,976304.5,86.41202290807401,15.445833333333335,2011-11-11,4,"[1138, 1187, 2136, 2151]",332
TEDxVictoria,tedx,792779.0,150.9056603773585,17.666666666666668,2011-11-19,1,[1148],333
TEDxVienna,tedx,869462.0,96.18016846350152,13.25,2011-04-10,3,"[1086, 2369, 2400]",334
TEDxVirginiaTech,tedx,872015.0,130.37800687285224,14.55,2016-10-11,1,[2440],335
TEDxWarwick,tedx,1038770.5,153.30805800836345,17.391666666666666,2011-03-03,4,"[945, 1246, 1568, 2392]",336
TEDxWaterloo,tedx,138812.0,0.0,16.366666666666667,2011-03-03,1,[1061],337
TEDxWinnipeg,tedx,1198585.0,177.2997299729973,18.516666666666666,2012-09-13,1,[1378],338
TEDxWitsUniversity,tedx,1003863.0,162.2568093385214,17.133333333333333,2012-08-23,1,[1402],339
TEDxWomen 2011,tedx,1028229.2857142857,135.8906993123479,12.321428571428571,2011-01-12,7,"[1101, 1107, 1110, 1124, 1154, 1184, 1211]",340
TEDxWomen 2012,tedx,1324085.0,114.53799200803265,11.33611111111111,2012-01-12,6,"[1413, 1417, 1422, 1428, 1431, 1436]",341
TEDxYYC,tedx,369960.6666666667,52.17277486910995,11.905555555555557,2010-02-26,3,"[763, 1087, 1111]",342
TEDxYouth@Manchester,tedx,1726139.5,182.83643483733616,13.45,2011-03-11,2,"[1120, 1912]",343
TEDxYouth@Sydney,tedx,795894.0,137.886523356759,10.875,2015-05-20,2,"[2124, 2367]",344
TEDxZurich,tedx,621431.0,143.16831683168317,13.466666666666667,2016-11-11,1,[2541],345
TEDxZurich 2011,tedx,618729.0,182.37885462555067,7.566666666666666,2011-10-11,1,[1103],346
TEDxZurich 2012,tedx,1461537.5,123.17333797424295,12.716666666666667,2012-10-25,2,"[1399, 1438]",347
TEDxZurich 2013,tedx,965291.0,144.36363636363637,13.75,2013-03-10,1,[1672],348
Taste3 2008,external,1037773.6666666666,167.0831667136214,17.527777777777775,2008-06-30,6,"[343, 352, 355, 359, 367, 372]",349
The Do Lectures,external,112321.0,0.0,28.166666666666668,2009-09-18,1,[776],350
Toronto Youth Corps,external,1028630.0,0.0,4.366666666666666,1972-05-14,1,[686],351
University of California,external,261831.5,0.0,73.57499999999999,2001-05-16,2,"[594, 640]",352
Web 2.0 Expo 2008,external,757791.0,0.0,15.45,2008-09-19,1,[637],353
World Science Festival,external,3302312.0,0.0,3.066666666666667,2009-10-06,1,[625],354
