event,event_type,avg_views,avg_speed_of_speech,avg_duration,film_date,nof_talks,talks,event_id,city,country
TEDxSingapore,main,1798071.25,142.63137879045985,13.091421568627453,2011-02-02,68,"[614, 615, 616, 618, 620, 622, 624, 626, 628, 630, 631, 633, 634, 635, 638, 641, 644, 645, 646, 648, 650, 652, 653, 654, 656, 659, 660, 661, 662, 663, 668, 669, 670, 672, 674, 675, 676, 680, 681, 682, 685, 687, 688, 690, 692, 694, 695, 698, 700, 703, 704, 706, 707, 708, 709, 713, 714, 717, 721, 722, 723, 725, 735, 785, 796, 806, 813, 1083]",60,Monterey,United States
AORN Congress,external,149818.0,0.0,8.5,2009-03-14,1,[590],0,,
Arbejdsglaede Live,external,971594.0,166.20879120879118,18.2,2009-05-05,1,[632],1,,
BBC TV,external,521974.0,0.0,65.91666666666667,1983-08-07,1,[629],2,,
Bowery Poetry Club,external,676741.0,0.0,3.033333333333333,2005-12-11,1,[601],3,,
Business Innovation Factory,external,304086.0,110.97248204613024,18.427777777777774,2009-07-10,3,"[581, 762, 789]",4,,
Carnegie Mellon University,external,564781.0,0.0,76.45,2007-09-18,1,[588],5,,
Chautauqua Institution,external,260868.66666666663,127.0943008066568,17.883333333333333,2009-01-10,3,"[324, 325, 327]",6,,
DICE Summit 2010,external,449161.0,0.0,28.3,2010-02-18,1,[655],7,,
DLD 2007,external,763815.0,130.7981220657277,31.95,2007-01-01,1,[206],8,,
EG 2007,external,1037266.7692307692,173.0449404342768,19.58205128205128,2007-02-12,13,"[229, 247, 251, 261, 269, 277, 279, 285, 289, 293, 300, 305, 312]",9,,
EG 2008,external,2048258.625,169.34713462985977,17.972916666666666,2008-05-12,8,"[393, 398, 407, 412, 428, 451, 566, 569]",10,,
Elizabeth G. Anderson School,external,1026589.0,126.00801068090787,12.483333333333333,2009-04-04,1,[457],11,,
Eric Whitacre's Virtual Choir,external,399280.0,0.0,4.25,2010-10-03,1,[665],12,,
Fort Worth City Council,external,278672.0,0.0,12.916666666666664,2010-12-10,1,[791],13,,
Full Spectrum Auditions,external,1172357.666666667,75.67812935422191,5.394444444444447,2011-05-24,3,"[962, 968, 1071]",14,,
Gel Conference,external,656391.5,0.0,11.783333333333333,2006-08-09,2,"[764, 941]",15,,
Global Witness HQ,external,1015683.0,137.78251599147123,7.816666666666666,2016-05-04,1,[2179],16,,
Handheld Learning,external,251313.0,0.0,46.01666666666666,2009-06-10,1,[947],17,,
Harvard University,external,1406151.0,0.0,20.966666666666665,2008-05-06,1,[607],18,,
INK Conference,external,1642960.166666667,149.89314899753455,14.261111111111116,2010-01-12,6,"[914, 918, 924, 976, 1062, 1152]",19,,
Justice with Michael Sandel,external,393459.0,0.0,54.93333333333333,2005-01-09,1,[580],20,,
LIFT 2007,external,1486853.0,151.5011914217633,20.983333333333334,2007-02-02,1,[280],21,,
Michael Howard Studios,external,176995.0,0.0,6.783333333333332,2008-09-10,1,[649],22,,
Mission Blue II,external,1329472.25,154.44610194839012,14.920833333333334,2015-10-10,8,"[2088, 2089, 2094, 2102, 2108, 2125, 2137, 2149]",23,,
Mission Blue Voyage,external,535283.3333333335,167.82158022927376,16.162962962962965,2010-04-14,18,"[666, 673, 678, 683, 689, 699, 710, 720, 739, 752, 765, 783, 794, 799, 804, 816, 1132, 1159]",24,,
New York State Senate,external,292395.0,0.0,7.55,2009-02-12,1,[744],25,,
NextGen:Charity,external,293626.0,0.0,19.616666666666667,2010-11-16,1,[1016],26,,
Princeton University,external,659664.0,0.0,18.733333333333334,2010-05-15,1,[738],27,,
RSA Animate,external,1015765.0,0.0,11.372222222222225,2010-08-19,3,"[751, 833, 1044]",28,,
Royal Institution,external,318423.0,0.0,57.91666666666666,1991-12-20,1,[600],29,,
Serious Play 2008,external,925940.125,171.87915864195674,22.81458333333333,2008-05-05,8,"[332, 336, 341, 347, 361, 369, 403, 408]",30,,
Skoll World Forum 2007,external,418234.0,122.95003965107058,21.016666666666666,2007-01-01,1,[162],31,,
SoulPancake,external,828203.0,0.0,3.466666666666667,2013-01-24,1,[1427],32,,
Stanford University,external,4658636.5,0.0,26.25,2005-12-06,2,"[589, 1030]",33,,
TED Dialogues,satellite,1202384.5,158.0807342486961,53.84166666666667,2017-01-03,2,"[2387, 2421]",34,,
TED Fellows 2015,satellite,1296514.0,135.95375722543352,11.533333333333333,2015-08-26,1,[2079],35,,
TED Fellows Retreat 2013,satellite,891319.4,163.32573890689775,7.343333333333334,2013-06-08,5,"[1675, 1692, 1693, 1730, 1830]",36,,
TED Fellows Retreat 2015,satellite,1758772.5714285714,140.55513069459386,13.06190476190476,2015-08-26,7,"[2067, 2068, 2073, 2074, 2084, 2090, 2098]",37,,
TED Prize Wish,satellite,421212.0,70.90909090909092,5.866666666666666,2008-03-10,1,[306],38,,
TED Residency,satellite,967597.8,138.64493655854452,7.053333333333333,2016-12-07,5,"[2323, 2393, 2429, 2463, 2492]",39,,
TED Senior Fellows at TEDGlobal 2010,satellite,317127.0,113.29411764705885,8.5,2010-07-13,1,[788],40,,
TED Studio,satellite,1411454.75,132.97617215834845,6.104166666666668,2016-01-06,4,"[2187, 2289, 2297, 2327]",41,,
TED Talks Education,satellite,4375103.75,138.31162290754108,9.779166666666667,2013-04-04,8,"[1493, 1496, 1497, 1498, 1499, 1500, 1501, 1502]",42,,
TED Talks Live,satellite,1495886.05,135.47522705902037,11.276666666666667,2015-01-11,20,"[2167, 2177, 2183, 2189, 2205, 2208, 2213, 2215, 2217, 2226, 2245, 2260, 2274, 2279, 2285, 2324, 2328, 2346, 2355, 2396]",43,,
TED in the Field,satellite,656146.0,130.62944182619407,10.7625,2008-04-12,4,"[358, 612, 691, 1712]",44,,
TED-Ed,satellite,383722.77777777775,0.0,7.459259259259259,2011-02-11,9,"[1171, 1172, 1173, 1174, 1193, 1198, 1212, 1341, 1486]",45,,
TED-Ed Weekend,satellite,1057942.0,165.7063711911357,6.016666666666668,2016-03-12,1,[2414],46,,
TED1984,main,974087.0,154.31385423506242,25.38333333333333,1984-02-02,1,[200],47,Monterey,United States
TED1990,main,620806.0,128.91710231516058,44.63333333333333,1990-03-03,1,[202],48,Monterey,United States
TED1994,main,581419.0,165.2347826086956,19.166666666666668,1994-02-20,1,[1131],49,Monterey,United States
TED1998,main,750886.3333333335,154.33996215724198,18.875,1998-02-02,6,"[260, 290, 316, 376, 382, 395]",50,Monterey,United States
TED2001,main,1858949.0,128.5084244376478,19.677777777777774,2001-01-02,3,"[351, 413, 415]",51,Monterey,United States
TED2002,main,951474.8928571428,140.1230492806758,19.408928571428564,2002-01-03,28,"[66, 70, 75, 96, 100, 104, 113, 119, 146, 178, 180, 184, 187, 190, 191, 192, 194, 226, 232, 243, 292, 360, 418, 420, 423, 431, 434, 441]",52,Monterey,United States
TED2003,main,1111202.0882352942,148.43573812663809,16.858823529411765,2001-02-02,34,"[52, 67, 71, 78, 88, 89, 91, 93, 94, 106, 107, 147, 156, 174, 240, 254, 258, 268, 297, 301, 302, 304, 309, 310, 318, 319, 334, 370, 373, 378, 379, 400, 426, 442]",53,Monterey,United States
TED2004,main,2693643.7741935486,144.1977235797761,18.323655913978488,2004-01-03,31,"[16, 21, 24, 27, 28, 29, 69, 72, 82, 83, 85, 98, 99, 101, 103, 157, 262, 263, 313, 314, 317, 338, 350, 357, 363, 368, 374, 392, 436, 463, 467]",54,Monterey,United States
TED2005,main,1786186.6486486488,148.47356021065133,18.73063063063063,2005-02-02,37,"[18, 31, 38, 39, 40, 41, 44, 45, 47, 51, 58, 59, 68, 74, 80, 84, 87, 90, 95, 114, 163, 167, 168, 189, 220, 276, 291, 321, 329, 330, 333, 348, 362, 364, 366, 595, 940]",55,Monterey,United States
TED2006,main,3274345.1777777784,144.82167074160583,16.3762962962963,2006-02-02,45,"[0, 1, 2, 3, 4, 5, 6, 7, 8, 9, 10, 11, 12, 13, 14, 15, 17, 20, 22, 23, 37, 43, 46, 49, 53, 55, 60, 61, 86, 92, 97, 102, 105, 115, 120, 208, 282, 307, 337, 342, 356, 365, 371, 377, 512]",56,Monterey,United States
TED2007,main,1511130.661764706,151.6638939506713,13.289215686274517,2007-01-03,68,"[63, 64, 65, 108, 109, 110, 111, 116, 117, 118, 121, 122, 123, 124, 125, 126, 136, 137, 138, 140, 142, 143, 145, 148, 149, 150, 151, 152, 153, 154, 158, 159, 165, 166, 169, 170, 171, 172, 173, 175, 176, 177, 179, 181, 182, 185, 186, 188, 193, 196, 198, 211, 212, 222, 225, 236, 239, 244, 252, 267, 286, 296, 349, 438, 477, 482, 667, 966]",57,Monterey,United States
TED2008,main,2038646.8596491232,146.51761652048936,13.683918128654964,2008-01-03,57,"[197, 199, 201, 203, 204, 205, 207, 210, 213, 214, 215, 216, 219, 221, 224, 227, 228, 230, 231, 234, 235, 238, 241, 242, 246, 248, 249, 250, 255, 257, 259, 265, 266, 271, 272, 273, 275, 278, 283, 288, 294, 298, 299, 303, 308, 311, 315, 320, 331, 335, 339, 344, 345, 346, 353, 375, 459]",58,Monterey,United States
TED2009,main,1754896.2048192772,143.30480691415912,11.109236947791171,2009-02-02,83,"[380, 381, 383, 384, 385, 386, 387, 388, 389, 390, 391, 394, 396, 397, 399, 401, 402, 404, 405, 406, 409, 410, 411, 414, 416, 417, 419, 421, 422, 424, 425, 427, 429, 430, 432, 433, 435, 437, 439, 440, 443, 444, 445, 446, 447, 448, 449, 450, 452, 453, 454, 455, 456, 458, 460, 461, 462, 464, 465, 466, 468, 469, 472, 473, 475, 478, 479, 480, 481, 483, 484, 485, 487, 488, 489, 490, 493, 503, 516, 534, 549, 587, 664]",59,Long Beach,United States
TED2010,main,1798071.25,142.63137879045985,13.091421568627453,2010-02-02,68,"[614, 615, 616, 618, 620, 622, 624, 626, 628, 630, 631, 633, 634, 635, 638, 641, 644, 645, 646, 648, 650, 652, 653, 654, 656, 659, 660, 661, 662, 663, 668, 669, 670, 672, 674, 675, 676, 680, 681, 682, 685, 687, 688, 690, 692, 694, 695, 698, 700, 703, 704, 706, 707, 708, 709, 713, 714, 717, 721, 722, 723, 725, 735, 785, 796, 806, 813, 1083]",60,Long Beach,United States
TED2011,main,1967864.3428571431,145.5496526467066,12.214047619047625,2011-01-03,70,"[879, 880, 881, 882, 883, 885, 886, 888, 889, 890, 892, 894, 896, 899, 900, 901, 902, 903, 904, 906, 910, 912, 913, 916, 917, 919, 920, 923, 925, 927, 928, 930, 931, 932, 933, 934, 936, 937, 938, 939, 942, 943, 946, 948, 950, 953, 954, 955, 959, 961, 963, 964, 965, 970, 972, 973, 974, 977, 995, 1002, 1005, 1007, 1013, 1021, 1029, 1047, 1074, 1091, 1095, 1558]",61,Long Beach,United States
TED2012,main,2223040.123076923,133.94615070395136,11.844358974358974,2012-01-03,65,"[1160, 1161, 1162, 1163, 1164, 1165, 1166, 1167, 1168, 1175, 1176, 1177, 1180, 1182, 1183, 1186, 1187, 1188, 1189, 1190, 1194, 1195, 1196, 1197, 1200, 1204, 1205, 1206, 1209, 1210, 1213, 1214, 1217, 1219, 1220, 1224, 1226, 1227, 1228, 1231, 1232, 1233, 1234, 1235, 1238, 1240, 1242, 1248, 1253, 1254, 1255, 1257, 1260, 1266, 1267, 1285, 1287, 1317, 1350, 1376, 1403, 1408, 1430, 1545, 1699]",62,Long Beach,United States
TED2013,main,2302700.4805194805,141.23545402686756,12.069696969696965,2013-01-03,77,"[1445, 1446, 1447, 1448, 1449, 1450, 1452, 1453, 1455, 1456, 1458, 1459, 1460, 1462, 1463, 1464, 1465, 1468, 1469, 1470, 1471, 1473, 1474, 1478, 1480, 1482, 1483, 1484, 1485, 1488, 1489, 1490, 1491, 1492, 1495, 1503, 1505, 1507, 1508, 1509, 1510, 1511, 1512, 1516, 1518, 1519, 1520, 1521, 1522, 1531, 1536, 1539, 1540, 1542, 1543, 1544, 1549, 1552, 1560, 1562, 1563, 1564, 1571, 1580, 1582, 1586, 1588, 1594, 1615, 1631, 1637, 1666, 1677, 1683, 1690, 1695, 1700]",63,Long Beach,United States
TED2014,main,2072874.083333333,145.7125118674269,12.295833333333333,2014-02-20,84,"[1701, 1702, 1703, 1704, 1705, 1706, 1707, 1708, 1709, 1710, 1711, 1713, 1714, 1716, 1717, 1719, 1720, 1721, 1722, 1723, 1725, 1726, 1727, 1728, 1731, 1732, 1733, 1734, 1735, 1736, 1737, 1738, 1739, 1740, 1741, 1743, 1744, 1747, 1749, 1750, 1753, 1754, 1755, 1756, 1757, 1758, 1760, 1761, 1763, 1764, 1771, 1772, 1778, 1782, 1783, 1786, 1787, 1789, 1791, 1792, 1793, 1795, 1802, 1803, 1806, 1807, 1812, 1813, 1814, 1816, 1819, 1821, 1823, 1827, 1829, 1833, 1852, 1866, 1874, 1892, 1921, 1925, 1932, 2041]",64,Vancouver,Canada
TED2015,main,2011017.4,137.37969811606487,13.485333333333333,2015-03-13,75,"[1938, 1939, 1940, 1941, 1942, 1943, 1944, 1945, 1947, 1948, 1950, 1953, 1954, 1956, 1958, 1959, 1960, 1961, 1962, 1963, 1965, 1966, 1967, 1968, 1969, 1970, 1971, 1972, 1973, 1974, 1975, 1976, 1978, 1979, 1980, 1981, 1982, 1983, 1985, 1987, 1988, 1989, 1990, 1992, 1993, 1994, 1998, 1999, 2000, 2003, 2004, 2005, 2007, 2009, 2013, 2015, 2021, 2023, 2025, 2026, 2028, 2030, 2033, 2039, 2040, 2042, 2044, 2059, 2060, 2062, 2093, 2103, 2112, 2182, 2382]",65,Vancouver,Canada
TED2016,main,1812622.1428571432,133.12224586394478,12.864718614718615,2016-02-15,77,"[2141, 2142, 2143, 2144, 2145, 2152, 2153, 2154, 2158, 2159, 2160, 2161, 2162, 2163, 2164, 2165, 2168, 2169, 2170, 2171, 2174, 2175, 2176, 2178, 2180, 2181, 2184, 2185, 2186, 2191, 2192, 2193, 2194, 2196, 2198, 2199, 2200, 2202, 2203, 2204, 2206, 2207, 2210, 2211, 2212, 2214, 2216, 2218, 2219, 2220, 2221, 2222, 2224, 2225, 2227, 2228, 2231, 2233, 2234, 2235, 2238, 2239, 2242, 2248, 2254, 2271, 2275, 2277, 2281, 2298, 2313, 2319, 2371, 2404, 2407, 2418, 2465]",66,Vancouver,Canada
TED2017,main,1188257.5970149254,141.94636575903982,13.585323383084575,2017-04-24,67,"[2438, 2439, 2440, 2441, 2443, 2445, 2447, 2448, 2450, 2451, 2453, 2455, 2456, 2458, 2460, 2462, 2464, 2467, 2470, 2471, 2472, 2473, 2477, 2478, 2479, 2482, 2483, 2484, 2485, 2487, 2488, 2489, 2491, 2493, 2494, 2495, 2497, 2498, 2499, 2500, 2502, 2503, 2505, 2507, 2508, 2509, 2510, 2512, 2513, 2515, 2516, 2517, 2519, 2520, 2522, 2524, 2526, 2530, 2532, 2533, 2537, 2539, 2543, 2545, 2546, 2547, 2549]",67,Vancouver,Canada
TED@BCG Berlin,satellite,1826586.0,121.97042787720754,10.058333333333334,2014-10-11,2,"[1875, 1891]",68,,
TED@BCG London,satellite,2429581.25,126.22201772534036,11.554166666666665,2015-01-07,4,"[2035, 2053, 2061, 2173]",69,,
TED@BCG Paris,satellite,1469647.1818181819,141.76944863789464,13.684848484848485,2016-05-18,11,"[2232, 2236, 2244, 2247, 2249, 2255, 2264, 2278, 2286, 2290, 2302]",70,,
TED@BCG San Francisco,satellite,1811240.1428571432,148.7268501102017,10.969047619047618,2013-10-22,7,"[1645, 1656, 1664, 1667, 1672, 1682, 1691]",71,,
TED@BCG Singapore,satellite,1270194.0,126.0034564615389,12.761111111111116,2013-10-10,3,"[1624, 1643, 1657]",72,,
TED@Bangalore,satellite,1115222.0,149.51871657754012,9.35,2012-05-20,1,[1377],73,,
TED@Cannes,satellite,1398880.2,156.56670383793298,11.16,2010-06-15,5,"[718, 726, 768, 777, 949]",74,,
TED@IBM,satellite,1577287.6,143.60716716442386,11.56,2014-09-15,10,"[1845, 1857, 2086, 2096, 2353, 2358, 2368, 2378, 2386, 2390]",75,,
TED@Intel,satellite,921813.3333333336,163.44107480786315,10.994444444444444,2013-03-27,3,"[1476, 1487, 1504]",76,,
TED@Johannesburg,satellite,1594495.0,160.06389776357827,5.216666666666667,2012-03-05,1,[1392],77,,
TED@London,satellite,1123786.0,125.0625,5.333333333333333,2012-04-22,1,[1370],78,,
TED@MotorCity,satellite,717596.0,160.5778740219005,13.283333333333333,2011-08-01,2,"[860, 872]",79,,
TED@NYC,satellite,1727504.7,156.48832190287828,6.035,2013-08-10,10,"[1636, 1718, 1801, 1804, 1810, 1811, 1817, 1828, 1847, 2031]",80,,
TED@Nairobi,satellite,926948.0,139.60099750623442,6.683333333333334,2012-05-05,1,[1389],81,,
TED@New York,satellite,1649090.0,127.38868293239102,5.104166666666666,2012-07-06,4,"[1378, 1383, 1393, 1555]",82,,
TED@SXSWi,satellite,655406.0,152.21311475409837,8.133333333333333,2012-09-04,1,[1225],83,,
TED@State,satellite,927566.4,152.5740601042066,17.21333333333333,2009-03-06,5,"[471, 476, 486, 502, 522]",84,,
TED@State Street Boston,satellite,1372270.166666667,144.28777127252746,10.891666666666666,2013-06-11,6,"[1653, 1665, 1678, 1687, 1865, 2195]",85,,
TED@State Street London,satellite,2647157.0,110.64308681672026,10.366666666666667,2014-11-20,1,[1902],86,,
TED@StateStreet Boston,satellite,1677370.0,162.97082228116707,12.566666666666665,2015-03-11,1,[2146],87,,
TED@UPS,satellite,1798297.8,136.92159913819393,11.553333333333333,2015-02-09,5,"[2092, 2309, 2317, 2337, 2540]",88,,
TED@Unilever,satellite,1793167.333333333,139.5414310326358,13.422222222222222,2014-09-17,3,"[1825, 1836, 1841]",89,,
TEDActive 2011,satellite,1256086.333333333,146.33900136446462,5.816666666666666,2011-03-03,3,"[907, 951, 957]",90,,
TEDActive 2014,satellite,1467561.0,156.25853688175962,11.908333333333333,2014-03-20,2,"[1746, 1766]",91,,
TEDActive 2015,satellite,1531062.0,128.14404432132963,6.016666666666668,2015-03-19,1,[2188],92,,
TEDCity2.0,satellite,1117556.0909090908,147.99222396789992,12.893939393939393,2013-09-20,11,"[1597, 1601, 1603, 1617, 1622, 1623, 1638, 1640, 1644, 1686, 1800]",93,,
TEDGlobal 2005,global,1639062.5769230768,166.48096995982138,18.49615384615385,2005-01-07,26,"[19, 25, 26, 30, 32, 33, 34, 35, 36, 42, 50, 54, 57, 62, 73, 77, 79, 81, 141, 183, 217, 245, 256, 284, 295, 354]",94,Oxford,United Kingdom
TEDGlobal 2007,global,562149.7777777779,131.8625443870005,15.073456790123455,2007-04-06,27,"[127, 128, 129, 130, 131, 132, 133, 134, 135, 139, 144, 155, 164, 195, 209, 218, 223, 233, 237, 253, 264, 270, 274, 281, 287, 322, 340]",95,Arusha,Tanzania
TEDGlobal 2009,global,1679020.8,148.22457549562046,13.52,2009-07-07,65,"[491, 492, 494, 495, 496, 497, 498, 499, 500, 501, 504, 505, 506, 507, 508, 509, 510, 511, 513, 514, 515, 517, 518, 519, 520, 521, 523, 524, 525, 526, 527, 528, 530, 531, 532, 533, 535, 536, 537, 540, 541, 542, 543, 544, 545, 546, 547, 548, 550, 551, 552, 554, 557, 559, 560, 563, 564, 568, 571, 572, 576, 578, 582, 584, 696]",96,Oxford,United Kingdom
TEDGlobal 2010,global,1338909.8545454543,153.53274266312755,14.411515151515156,2010-07-13,55,"[728, 729, 730, 731, 732, 733, 734, 736, 740, 741, 742, 743, 745, 746, 747, 749, 750, 754, 755, 756, 758, 759, 760, 766, 767, 769, 770, 771, 772, 773, 775, 778, 779, 781, 782, 786, 790, 792, 793, 795, 798, 801, 802, 803, 805, 807, 808, 810, 811, 812, 815, 818, 823, 825, 875]",97,Oxford,United Kingdom
TEDGlobal 2011,global,1717760.955882353,149.17274966284845,13.213480392156866,2011-07-13,68,"[978, 979, 980, 981, 982, 983, 984, 985, 986, 987, 988, 989, 990, 991, 992, 993, 994, 997, 999, 1000, 1001, 1003, 1004, 1009, 1010, 1011, 1012, 1017, 1019, 1020, 1022, 1023, 1024, 1025, 1026, 1027, 1031, 1032, 1033, 1035, 1036, 1037, 1038, 1039, 1041, 1042, 1043, 1045, 1048, 1049, 1050, 1051, 1052, 1056, 1057, 1058, 1063, 1065, 1066, 1070, 1075, 1088, 1090, 1098, 1113, 1114, 1150, 1158]",98,Edinburgh,United Kingdom
TEDGlobal 2012,global,2072436.4142857143,148.67628811935552,12.854523809523807,2012-06-19,70,"[1273, 1274, 1275, 1276, 1277, 1280, 1281, 1284, 1288, 1289, 1291, 1292, 1295, 1296, 1298, 1299, 1302, 1304, 1305, 1309, 1310, 1312, 1315, 1319, 1320, 1321, 1322, 1323, 1326, 1327, 1328, 1329, 1330, 1332, 1333, 1334, 1337, 1339, 1340, 1343, 1345, 1346, 1348, 1349, 1351, 1352, 1353, 1354, 1355, 1356, 1357, 1358, 1359, 1360, 1361, 1365, 1367, 1380, 1385, 1390, 1394, 1401, 1406, 1415, 1431, 1439, 1441, 1457, 1477, 1694]",99,Edinburgh,United Kingdom
TEDGlobal 2013,global,2584162.666666666,144.1126179608245,13.04419191919192,2013-06-13,66,"[1523, 1524, 1525, 1526, 1527, 1528, 1529, 1532, 1537, 1541, 1546, 1547, 1548, 1553, 1554, 1556, 1568, 1570, 1572, 1573, 1574, 1575, 1578, 1579, 1581, 1583, 1584, 1585, 1593, 1595, 1596, 1598, 1604, 1605, 1606, 1607, 1610, 1611, 1613, 1614, 1618, 1620, 1621, 1625, 1626, 1627, 1629, 1630, 1632, 1633, 1634, 1654, 1658, 1662, 1673, 1681, 1685, 1689, 1696, 1697, 1698, 1759, 1765, 1776, 1784, 1910]",100,Edinburgh,United Kingdom
TEDGlobal 2014,global,1316166.5294117648,139.92476690199362,12.816666666666665,2014-02-10,51,"[1837, 1838, 1839, 1842, 1843, 1846, 1848, 1850, 1855, 1856, 1858, 1859, 1861, 1862, 1864, 1868, 1870, 1873, 1877, 1878, 1879, 1881, 1882, 1886, 1887, 1890, 1894, 1895, 1896, 1897, 1899, 1901, 1903, 1904, 1906, 1907, 1913, 1918, 1919, 1922, 1926, 1929, 1930, 1931, 1946, 1949, 1951, 1986, 2036, 2054, 2130]",101,Rio de Janeiro,Brazil
TEDGlobal 2017,global,556081.3333333335,118.41915769471292,12.933333333333332,2017-08-27,3,"[2535, 2542, 2544]",102,Arusha,Tanzania
TEDGlobal>Geneva,global,3385407.9090909087,150.6922962981688,14.933333333333332,2015-08-12,11,"[2106, 2110, 2114, 2117, 2120, 2123, 2124, 2127, 2134, 2139, 2155]",103,,
TEDGlobal>London,global,2064506.9230769232,150.30459259237713,13.376923076923076,2015-06-16,13,"[2063, 2066, 2069, 2071, 2072, 2075, 2076, 2080, 2091, 2107, 2115, 2118, 2128]",104,,
TEDGlobalLondon,global,2540274.625,152.8131787054163,15.416666666666668,2015-06-16,8,"[2011, 2018, 2022, 2029, 2032, 2038, 2050, 2058]",105,,
TEDIndia 2009,satellite,1359084.8857142858,142.50811629609146,14.127142857142855,2009-02-11,35,"[553, 556, 558, 561, 562, 565, 567, 570, 573, 574, 575, 577, 579, 583, 586, 591, 592, 593, 597, 599, 604, 605, 606, 608, 623, 627, 643, 651, 671, 679, 712, 716, 757, 761, 797]",106,,
TEDLagos Ideas Search,satellite,1248544.0,119.38677902408472,7.7666666666666675,2017-11-02,2,"[2436, 2444]",107,,
TEDMED 2009,med,2246144.4545454546,163.31335613031163,17.57121212121212,2009-10-10,11,"[596, 598, 602, 609, 611, 617, 621, 636, 639, 642, 657]",108,San Diego,United States
TEDMED 2010,med,476313.25,167.48461905890508,18.775,2010-10-10,4,"[850, 855, 858, 877]",109,San Diego,United States
TEDMED 2011,med,772050.2857142857,148.89185136257763,14.226190476190474,2011-10-24,7,"[1077, 1084, 1089, 1096, 1100, 1122, 1128]",110,Washington,United States
TEDMED 2012,med,1351932.7,152.17390521285446,13.948333333333334,2012-04-15,10,"[1252, 1258, 1265, 1271, 1282, 1336, 1342, 1347, 1438, 1461]",111,Washington,United States
TEDMED 2013,med,1681900.375,140.52952896654216,14.962500000000002,2013-04-16,8,"[1517, 1533, 1557, 1591, 1599, 1602, 1650, 2016]",112,Washington,United States
TEDMED 2014,med,1743995.6,135.0387713342073,13.826666666666668,2014-09-09,10,"[1832, 1840, 1844, 1849, 1853, 1860, 1863, 1869, 1876, 1917]",113,Washington,United States
TEDMED 2015,med,2053346.625,139.67305952031958,11.7,2015-11-18,8,"[2131, 2138, 2147, 2151, 2197, 2268, 2301, 2305]",114,Washington,United States
TEDMED 2016,med,1241130.7,128.910646282775,13.445,2016-11-30,10,"[2374, 2403, 2419, 2424, 2434, 2446, 2452, 2475, 2496, 2504]",115,Palm Springs,United States
TEDNYC,satellite,1242737.7894736843,147.4299370677169,11.171929824561404,2016-02-11,19,"[2283, 2288, 2294, 2308, 2322, 2336, 2384, 2394, 2398, 2413, 2425, 2428, 2431, 2433, 2466, 2468, 2476, 2480, 2501]",116,,
TEDNairobi Ideas Search,satellite,696847.0,118.93909626719056,8.483333333333333,2017-08-02,1,[2457],117,,
TEDPrize@UN,satellite,793762.0,134.26683858322278,15.008333333333333,2010-11-18,2,"[869, 905]",118,,
TEDSalon 2006,salon,1096889.75,154.40724118275745,7.716666666666668,2006-01-12,4,"[48, 56, 76, 112]",119,,
TEDSalon 2007 Hot Science,salon,887816.0,181.7512976192756,17.066666666666666,2007-09-09,2,"[160, 161]",120,,
TEDSalon 2009 Compassion,salon,281816.33333333326,133.66283157118758,16.494444444444444,2009-01-10,3,"[323, 326, 328]",121,,
TEDSalon Berlin 2014,salon,1704352.5,141.73898837226764,14.666666666666664,2014-06-23,10,"[1779, 1790, 1794, 1808, 1818, 1826, 1834, 1835, 1851, 1854]",122,,
TEDSalon London 2009,salon,956175.0,146.1105527638191,16.583333333333332,2009-09-21,1,[555],123,,
TEDSalon London 2010,salon,1385166.0,157.97241113234327,16.069047619047616,2010-04-11,7,"[701, 705, 715, 846, 854, 867, 874]",124,,
TEDSalon London Fall 2011,salon,2229000.0,137.95779118898366,12.166666666666668,2011-08-11,2,"[1139, 1207]",125,,
TEDSalon London Fall 2012,salon,2374096.833333333,168.34403738277848,11.847222222222225,2012-07-11,6,"[1397, 1400, 1402, 1407, 1413, 1423]",126,,
TEDSalon London Spring 2011,salon,1051931.333333333,161.88308480653944,13.466666666666667,2011-05-18,6,"[967, 975, 1034, 1055, 1121, 1135]",127,,
TEDSalon London Spring 2012,salon,1087659.8,159.66678620731528,13.166666666666664,2012-10-05,5,"[1259, 1297, 1311, 1331, 1374]",128,,
TEDSalon NY2011,salon,1526589.333333333,141.75233884371588,17.161111111111108,2010-11-18,6,"[838, 1078, 1085, 1097, 1117, 1153]",129,,
TEDSalon NY2012,salon,952505.75,157.79559922361312,20.241666666666667,2012-01-17,4,"[1116, 1218, 1404, 1409]",130,,
TEDSalon NY2013,salon,2861639.4545454546,162.3229555734751,16.52878787878788,2013-01-10,11,"[1436, 1443, 1506, 1513, 1534, 1576, 1590, 1592, 1600, 1608, 1616]",131,,
TEDSalon NY2014,salon,2085391.4545454544,159.12168747356125,15.51969696969697,2014-01-15,11,"[1751, 1752, 1767, 1769, 1770, 1774, 1780, 1798, 1805, 1820, 1872]",132,,
TEDSalon NY2015,salon,1711049.0,135.88390501319262,18.95,2015-12-05,1,[2002],133,,
TEDSummit,satellite,1529962.5588235294,145.0698142929194,13.84460784313725,2016-06-26,34,"[2240, 2241, 2246, 2250, 2251, 2252, 2253, 2257, 2259, 2261, 2262, 2266, 2267, 2269, 2272, 2273, 2280, 2282, 2287, 2291, 2292, 2293, 2296, 2299, 2300, 2304, 2306, 2315, 2318, 2326, 2331, 2333, 2344, 2362]",134,,
TEDWomen 2010,women,1298086.3823529412,144.75990768275742,12.066666666666665,2010-02-12,34,"[826, 827, 828, 829, 831, 834, 835, 839, 842, 844, 845, 847, 849, 853, 856, 859, 861, 863, 865, 866, 871, 873, 876, 878, 884, 893, 908, 926, 944, 996, 1006, 1015, 1137, 1142]",135,Washington,United States
TEDWomen 2013,women,2504862.888888889,148.64476523267632,12.944444444444445,2013-04-12,9,"[1639, 1647, 1649, 1651, 1659, 1663, 1670, 1671, 1679]",136,San Francisco,United States
TEDWomen 2015,women,1449901.5,133.74315020264135,12.6375,2015-05-27,28,"[1991, 1995, 1996, 1997, 2001, 2006, 2008, 2010, 2014, 2017, 2019, 2024, 2027, 2034, 2037, 2043, 2045, 2046, 2049, 2051, 2052, 2077, 2081, 2082, 2087, 2105, 2122, 2132]",137,Monterey,United States
TEDWomen 2016,women,1340356.64,142.8581632812375,14.31,2016-10-26,25,"[2320, 2321, 2325, 2330, 2334, 2338, 2341, 2347, 2349, 2351, 2354, 2361, 2363, 2367, 2370, 2377, 2381, 2388, 2391, 2395, 2399, 2400, 2405, 2410, 2415]",138,San Francisco,United States
TEDYouth 2011,youth,1343912.666666667,120.81779808500931,7.599999999999999,2011-11-19,3,"[1157, 1379, 1395]",139,New York,United States
TEDYouth 2012,youth,274986.0,0.0,6.466666666666668,2012-11-17,1,[1467],140,New York,United States
TEDYouth 2013,youth,962806.3333333336,177.7534020221397,6.705555555555558,2013-11-16,3,"[1641, 1668, 1688]",141,New Orleans,United States
TEDYouth 2014,youth,1206283.4285714286,168.50582491131925,6.540476190476189,2014-04-11,7,"[1888, 1893, 1900, 1911, 1912, 1914, 1964]",142,New York,United States
TEDYouth 2015,youth,1771105.6,146.7173831883533,6.426666666666668,2015-11-14,5,"[2099, 2100, 2101, 2119, 2150]",143,New York,United States
TEDxABQ,tedx,298776.0,152.8050713153724,10.516666666666667,2011-10-09,1,[1263],144,Albuquerque,United States
TEDxAmazonia,tedx,984973.0,144.69498069498067,21.58333333333333,2010-08-11,1,[1824],145,Manaus,Brazil
TEDxAmericanRiviera,tedx,4384497.0,139.85228951255542,11.283333333333333,2011-11-11,1,[1143],146,Santa Barbara,United States
TEDxAmoskeagMillyard,tedx,1059854.0,146.21198156682033,18.08333333333333,2014-11-15,1,[2126],147,Hooksett,United States
TEDxAmsterdam,tedx,830494.0,124.10561393853857,15.3625,2009-11-20,4,"[619, 891, 897, 1127]",148,Amsterdam,Netherlands
TEDxArendal,tedx,2065196.0,145.6906077348066,18.1,2014-08-15,1,[1880],149,Arendal,Norway
TEDxAsheville,tedx,418651.0,0.0,20.9,2011-11-13,1,[1156],150,ASHEVILLE,United States
TEDxAthens,tedx,1804191.0,137.13738013923552,17.475,2011-03-12,2,"[1221, 2312]",151,Athens,Greece
TEDxAtlanta,tedx,668454.0,142.4935511607911,19.383333333333333,2010-01-26,1,[719],152,Atlanta,United States
TEDxAustin,tedx,1178316.75,162.98551177850686,14.537499999999998,2012-11-02,4,"[1236, 1264, 1286, 1538]",153,Austin,United States
TEDxBG,tedx,602203.0,164.05204460966542,17.933333333333334,2011-08-01,1,[960],154,Sofia,Bulgaria
TEDxBeaconStreet,tedx,2207495.0454545454,148.36353718552834,12.82878787878788,2012-11-17,22,"[1418, 1421, 1424, 1429, 1674, 1724, 1788, 1831, 1883, 1889, 2109, 2166, 2172, 2316, 2350, 2359, 2375, 2392, 2401, 2411, 2422, 2481]",155,Brookline,United States
TEDxBeirut,tedx,1233104.0,128.8732394366197,14.2,2012-12-18,1,[1652],156,Beirut,Lebanon
TEDxBend,tedx,2981683.0,141.55620800816232,12.391666666666666,2015-04-18,2,"[2057, 2256]",157,,
TEDxBerkeley,tedx,766372.5,148.19150874635568,12.308333333333335,2012-04-02,2,"[1244, 2402]",158,Berkeley,United States
TEDxBerlin,tedx,1015901.0,149.6884186552734,12.388888888888884,2009-11-30,3,"[613, 774, 2352]",159,Berlin,Germany
TEDxBinghamtonUniversity,tedx,4340117.0,161.97651663405085,17.033333333333335,2014-04-04,1,[1915],160,Binghamton,United States
TEDxBloomington,tedx,9484259.5,183.36038524712558,12.2,2011-11-05,2,"[1059, 1129]",161,Bloomington,United States
TEDxBoston,tedx,1186625.666666667,156.54991054602706,15.894444444444444,2013-06-25,3,"[1569, 1635, 1867]",162,Boston,United States
TEDxBoston 2009,tedx,496827.0,171.2704918032787,16.266666666666666,2009-07-28,1,[610],163,Boston,United States
TEDxBoston 2010,tedx,816019.0,204.7645429362881,12.033333333333333,2010-07-29,1,[748],164,Boston,United States
TEDxBoston 2011,tedx,662538.1666666665,139.35686827584308,11.908333333333333,2011-05-26,6,"[998, 1014, 1018, 1046, 1105, 1126]",165,Boston,United States
TEDxBoston 2012,tedx,921852.6666666664,176.24539575428523,12.536111111111113,2012-04-06,6,"[1300, 1316, 1318, 1324, 1338, 1382]",166,Boston,United States
TEDxBoulder,tedx,1799298.0,157.9270911079165,12.883333333333335,2013-09-13,3,"[1684, 2012, 2258]",167,Boulder,United States
TEDxBoulder 2011,tedx,1081729.0,90.14018691588785,12.85,2011-05-09,2,"[1069, 1079]",168,Boulder,United States
TEDxBratislava,tedx,1691756.5,147.1279872028955,16.066666666666666,2013-07-18,2,"[1642, 2417]",169,Bratislava,Slovakia
TEDxBrighton,tedx,877106.0,147.27272727272725,17.416666666666668,2012-10-26,1,[1815],170,Brighton,United Kingdom
TEDxBrussels,tedx,1142021.375,132.4619527612806,14.758333333333333,2011-11-17,8,"[1076, 1102, 1112, 1115, 1619, 1884, 2156, 2229]",171,Brussels,Belgium
TEDxCERN,tedx,1335957.4285714286,154.61975457059717,11.764285714285714,2013-03-05,7,"[1551, 1609, 1927, 2129, 2135, 2201, 2449]",172,Meyrin,Switzerland
TEDxCHUV,tedx,4682458.0,159.44289693593316,17.95,2012-06-22,1,[1381],173,Lausanne,Switzerland
TEDxCMU,tedx,1473124.5,181.7579030491377,17.166666666666664,2011-03-04,2,"[1082, 1773]",174,Pittsburgh,United States
TEDxCaFoscariU,tedx,1187105.0,153.48387096774192,10.333333333333334,2013-06-19,1,[1655],175,Venice,Italy
TEDxCaltech,tedx,1248866.5,175.84228937623033,14.345833333333333,2011-01-14,8,"[922, 929, 935, 1442, 1454, 1466, 1479, 1481]",176,Pasadena,United States
TEDxCambridge,tedx,1608648.375,143.61021272599834,13.797916666666666,2011-11-11,8,"[1178, 1211, 1371, 1935, 2111, 2348, 2490, 2518]",177,Cambridge,United States
TEDxCanberra,tedx,603174.0,111.00006789788158,18.094444444444445,2011-09-24,3,"[1094, 1136, 1905]",178,Canberra,Australia
TEDxCannes,tedx,762041.0,144.96774193548387,15.5,2015-03-28,1,[2085],179,Cannes,France
TEDxChange,tedx,1032389.75,159.63288562755298,17.829166666666666,2010-09-20,4,"[780, 784, 787, 1202]",180,New Yrok,United States
TEDxChapmanU,tedx,3098476.0,144.56182472989198,13.883333333333333,2015-08-20,1,[2047],181,Orange,United States
TEDxClaremontColleges,tedx,1345444.0,157.00879765395894,17.05,2014-12-02,1,[1797],182,Claremont,United States
TEDxColbyCollege,tedx,1423637.0,166.5391304347826,9.583333333333334,2013-02-23,1,[1561],183,Waterville,United States
TEDxColoradoSprings,tedx,1026017.0,171.39240506329114,15.8,2015-10-17,1,[2270],184,Colorado Springs,United States
TEDxColumbus,tedx,1127858.0,181.38108974933257,15.316666666666665,2013-10-10,2,"[1777, 1920]",185,Columbus,United States
TEDxColumbusWomen,tedx,2032751.0,150.23904382470118,8.366666666666667,2015-05-28,1,[2420],186,Columbus,United States
TEDxConcorde,tedx,1193896.0,0.9523809523809524,3.15,2013-01-24,1,[1444],187,,
TEDxConcordiaUPortland,tedx,3270359.0,90.55350553505535,4.516666666666667,2012-03-31,1,[1215],188,Portland,United States
TEDxCreativeCoast,tedx,8444981.0,166.36363636363637,11.733333333333333,2015-01-05,1,[2140],189,Savannah,United States
TEDxCrenshaw,tedx,744793.0,159.1164658634538,12.45,2016-08-10,1,[2523],190,Los Angeles,United States
TEDxDU 2010,tedx,900105.5,133.29006801308344,12.4,2010-05-13,2,"[809, 817]",191,Denver,United States
TEDxDU 2011,tedx,369363.0,146.74591381872213,11.216666666666667,2011-05-13,1,[1092],192,Denver,United Kingdom
TEDxDanubia,tedx,1537390.0,133.4624145785877,14.633333333333333,2013-03-22,1,[1566],193,Budapest,Hungary
TEDxDeExtinction,tedx,751434.5,179.62337401344638,13.983333333333334,2013-03-15,2,"[1515, 1535]",194,Washington,United States
TEDxDelft,tedx,919304.0,133.88296192314442,6.891666666666668,2012-05-10,2,"[1434, 2157]",195,,
TEDxDesMoines,tedx,1279825.0,128.3497536945813,13.533333333333333,2013-08-09,1,[2265],196,Des Moines,United States
TEDxDirigo,tedx,191555.0,159.6457041629761,18.816666666666666,2011-10-09,1,[1093],197,Portland,United States
TEDxDubai,tedx,1624741.0,128.503937007874,10.583333333333334,2010-04-12,1,[898],198,Dubai,United Arab Emirates
TEDxDublin,tedx,537369.0,162.36565922387112,16.594444444444445,2010-03-29,3,"[1146, 1344, 1368]",199,Dublin,Ireland
TEDxEQChCh,tedx,2829484.0,124.3731778425656,17.15,2012-01-09,1,[1386],200,Christchurch,New Zealand
TEDxEast,tedx,728848.4,104.39853668783428,15.59,2010-07-05,5,"[724, 1080, 1125, 1134, 1362]",201,New York,United States
TEDxEastEnd,tedx,1811102.0,168.84112149532712,17.833333333333332,2016-01-30,1,[2209],202,London,United Kingdom
TEDxEdmonton,tedx,1579033.0,192.80373831775702,21.4,2010-03-13,1,[711],203,Edmonton,Canada
TEDxEuston,tedx,1318454.0,152.95248868778282,29.466666666666665,2012-01-12,1,[2430],204,London,United Kingdom
TEDxExeter,tedx,1238369.0,135.70006693207208,15.881481481481481,2012-04-20,9,"[1308, 1335, 1785, 1928, 2307, 2335, 2369, 2372, 2529]",205,Exeter,United Kingdom
TEDxFiDiWomen,tedx,1625776.0,197.3207547169812,17.666666666666668,2012-11-30,1,[1514],206,San Francisco,United States
TEDxFrankfurt,tedx,908666.0,166.927374301676,14.916666666666664,2016-11-29,1,[2412],207,Frankfurt am Main,Germany
TEDxFulbrightDublin,tedx,1052652.0,132.15469613259668,9.05,2016-06-02,1,[2461],208,Dublin,Ireland
TEDxGatewayWomen,tedx,1428083.0,132.62686567164178,11.166666666666664,2015-05-29,1,[2190],209,Mumbai,India
TEDxGeorgetown,tedx,660569.0,136.04439959636733,16.516666666666666,2012-09-29,1,[1391],210,Washington,United States
TEDxGhent,tedx,845978.5,142.6893767716263,12.033333333333333,2016-06-18,2,"[2342, 2531]",211,Gent,Belgium
TEDxGlasgow,tedx,1042284.0,173.3761232349166,12.983333333333333,2012-04-03,1,[1417],212,Glasgow,United Kingdom
TEDxGoldenGatePark 2012,tedx,4811180.0,211.54639175257734,17.783333333333335,2012-10-10,1,[2048],213,San Francisco,United States
TEDxGoodenoughCollege,tedx,478878.0,142.47761194029854,11.166666666666664,2012-05-05,1,[1412],214,London,United Kingdom
TEDxGrandRapids,tedx,1466095.0,127.6750700280112,17.85,2012-09-05,1,[1261],215,Grand Rapids,United States
TEDxGreatPacificGarbagePatch,tedx,445571.33333333326,88.51432873471066,6.855555555555553,2010-04-11,3,"[851, 909, 1144]",216,Santa Monica,United States
TEDxGroningen,tedx,1453242.0,173.76181474480148,8.816666666666666,2014-11-20,1,[2104],217,Groningen,Netherlands
TEDxGöteborg 2010,tedx,463366.0,194.2771084337349,16.6,2010-11-20,1,[852],218,,
TEDxHamburg,tedx,539207.0,124.93723849372385,11.95,2016-08-06,1,[2528],219,,
TEDxHampshireCollege,tedx,879676.0,172.9255319148936,18.8,2012-12-10,1,[1411],220,Amherst,United States
TEDxHelvetia,tedx,1194938.0,175.26627218934914,8.45,2012-09-13,1,[1387],221,Lausanne,Switzerland
TEDxHogeschoolUtrecht,tedx,638247.0,166.7563930013459,12.383333333333333,2011-11-16,1,[1247],222,,
TEDxHousesOfParliament,tedx,896745.0,144.510213137827,11.752777777777775,2012-06-22,6,"[1314, 1363, 1366, 1587, 1676, 1809]",223,,
TEDxHouston,tedx,16140250.5,156.63439368768866,19.133333333333333,2010-06-06,2,"[820, 837]",224,Houston,United States
TEDxImperialCollege,tedx,1184933.0,186.86648501362401,12.233333333333333,2012-03-24,1,[1293],225,London,United Kingdom
TEDxIndianaUniversity,tedx,1134525.0,139.41624365482238,13.133333333333333,2015-11-13,1,[2311],226,Bloomington,United States
TEDxIndianapolis,tedx,3361105.0,182.47706422018348,18.166666666666668,2012-11-19,1,[2020],227,Indianapolis,United States
TEDxIslay,tedx,120274.0,0.0,18.633333333333333,2011-04-23,1,[1141],228,Northridge,United States
TEDxJaffa 2012,tedx,2033797.0,141.4046822742475,14.95,2012-06-09,1,[1405],229,Tel Aviv-Yafo,Israel
TEDxJaffa 2013,tedx,2931366.0,161.73913043478262,17.633333333333333,2013-10-15,1,[1661],230,Tel Aviv-Yafo,Israel
TEDxKC,tedx,1320319.5,155.48805780629291,15.575,2009-08-20,4,"[538, 1388, 2056, 2360]",231,Kansas City,United States
TEDxKids@Ambleside,tedx,2954036.0,180.45454545454547,11.0,2013-05-05,1,[1589],232,West Vancouver,Canada
TEDxKids@Brussels,tedx,438379.0,0.0,16.3,2011-01-06,1,[1067],233,Waterloo,Belgium
TEDxKrakow,tedx,800418.0,161.38232031091914,12.633333333333333,2011-11-10,2,"[1081, 1203]",234,Krakow,Poland
TEDxKyoto,tedx,3198337.0,103.01892429216177,12.875,2014-04-06,2,"[1781, 1957]",235,Kyoto,Japan
TEDxLeuvenSalon,tedx,1189824.0,150.57110862262041,14.883333333333333,2013-09-17,1,[1745],236,Leuven,Belgium
TEDxLinnaeusUniversity,tedx,4984884.0,144.94252873563218,17.4,2014-07-11,1,[1916],237,Växjö,Sweden
TEDxLondonBusinessSchool,tedx,881361.0,162.4342105263158,15.2,2012-04-27,1,[1270],238,London,United Kingdom
TEDxMIA,tedx,348992.0,0.0,9.716666666666667,2011-09-13,1,[1118],239,Coral Gables,United States
TEDxMaastricht,tedx,489351.25,160.10641237871968,12.85,2011-04-04,4,"[958, 971, 1145, 1230]",240,Maastricht,Netherlands
TEDxManchester,tedx,776641.0,168.59919286321156,15.108333333333334,2016-02-14,2,"[2380, 2541]",241,Manchester,United Kingdom
TEDxManhattan,tedx,1549753.0,175.09123553059536,10.925,2011-05-23,2,"[1072, 1303]",242,,
TEDxManhattanBeach,tedx,3251704.0,145.90585788873508,8.861111111111112,2011-10-22,3,"[1064, 2373, 2454]",243,El Segundo,United States
TEDxMarin,tedx,1823682.0,154.75690012440717,14.072222222222226,2013-02-10,3,"[1648, 2113, 2365]",244,San Rafael,United States
TEDxMaui,tedx,1804702.5,153.22516923996838,15.725,2012-01-22,2,"[1313, 1373]",245,Kahului,United States
TEDxMet,tedx,4207626.0,157.32686935864936,21.266666666666666,2013-10-16,2,"[1646, 1660]",246,New York,United States
TEDxMiamiUniversity,tedx,407419.0,146.53968253968253,15.75,2012-09-14,1,[1494],247,Oxford,United States
TEDxMidAtlantic,tedx,2305604.411764706,154.29267924148834,13.662745098039212,2009-09-11,17,"[830, 841, 1106, 1130, 1155, 1416, 1420, 1451, 1628, 2116, 2243, 2379, 2408, 2416, 2426, 2459, 2511]",248,Washington,United States
TEDxMidAtlantic 2013,tedx,1597795.5,184.88435971403487,10.541666666666666,2013-01-10,2,"[1715, 1748]",249,Washington,United States
TEDxMidwest,tedx,2479920.333333333,175.66326574820118,17.36111111111111,2010-10-09,3,"[819, 822, 836]",250,Chicago,United States
TEDxMileHigh,tedx,886226.0,141.72741123854783,14.858333333333334,2016-06-25,4,"[2383, 2506, 2536, 2548]",251,Denver,United States
TEDxMonroeCorrectionalComplex,tedx,812963.0,179.3354430379747,10.533333333333333,2014-03-15,1,[1799],252,Monroe,United States
TEDxMonterey,tedx,166835.0,0.0,11.616666666666667,2012-04-18,1,[1237],253,Monterey,United States
TEDxMontreal,tedx,571009.0,99.29260450160773,15.55,2015-07-11,1,[2303],254,Montréal,Canada
TEDxMtHood,tedx,3464767.0,167.36842105263156,15.516666666666667,2015-02-05,1,[2340],255,Portland,United States
TEDxMuncyStatePrison,tedx,1310078.0,55.3125,9.6,2014-11-21,1,[1977],256,Muncy,United States
TEDxNASA,tedx,1272304.5,157.7671608415666,16.075,2009-10-09,2,"[647, 658]",257,Hampton,United States
TEDxNASA@SiliconValley,tedx,155895.0,145.8227848101266,14.483333333333333,2011-08-17,1,[1119],258,San Francisco,United States
TEDxNYED,tedx,1427570.0,166.8928183118741,15.2,2010-06-03,2,"[684, 697]",259,New York,United States
TEDxNatick,tedx,882840.0,148.40864440078587,16.966666666666665,2016-01-23,1,[2409],260,Natick,United States
TEDxNewYork,tedx,1795266.666666667,166.70645579566641,14.408333333333333,2014-01-11,6,"[1871, 1924, 1933, 2310, 2332, 2345]",261,,
TEDxNewy,tedx,873230.0,183.3041301627034,13.316666666666665,2011-12-11,1,[1185],262,Newcastle,Australia
TEDxNextGenerationAsheville,tedx,2152734.0,167.38853503184714,5.233333333333333,2010-08-28,1,[821],263,Asheville,United States
TEDxNijmegen,tedx,790591.0,154.6638655462185,7.933333333333334,2013-04-18,1,[1559],264,nijmegen,Netherlands
TEDxNorrkoping,tedx,6569493.0,100.16129032258064,10.333333333333334,2014-11-11,1,[1885],265,Norrkoping,Sweden
TEDxNorthwesternU,tedx,1071132.0,194.94680851063828,18.8,2010-12-15,1,[956],266,Evanston,United States
TEDxO'Porto,tedx,291251.0,183.50318471337584,15.7,2011-03-21,1,[1054],267,Porto,Portugal
TEDxObserver,tedx,162527.0,65.60619872379215,15.066666666666665,2012-10-03,2,"[1192, 1301]",268,London,United Kingdom
TEDxOilSpill,tedx,422485.33333333326,168.53379966675746,17.95,2010-06-28,3,"[727, 737, 753]",269,Washington,United States
TEDxOmaha,tedx,1614524.0,118.86160714285714,14.933333333333335,2016-08-10,1,[2356],270,Omaha,United States
TEDxOrangeCoast,tedx,1624184.0,124.5205479452055,9.733333333333333,2011-05-19,1,[1073],271,Costa Mesa,United States
TEDxOrcasIsland,tedx,977590.0,121.31274131274132,12.95,2016-05-03,1,[2474],272,Eastsound,United States
TEDxOslo,tedx,1653664.0,160.341061827957,13.183333333333335,2015-01-29,2,"[2083, 2329]",273,Oslo,Norway
TEDxPSU,tedx,1383280.857142857,152.25647674848102,14.454761904761904,2010-10-10,7,"[848, 915, 921, 2223, 2237, 2427, 2486]",274,University Park,United States
TEDxParis 2010,tedx,532322.0,149.33358662613986,11.7,2010-01-30,2,"[1008, 1040]",275,Paris,France
TEDxParis 2012,tedx,3840850.0,108.6915887850467,10.7,2012-12-10,1,[1680],276,PARIS,France
TEDxPeachtree,tedx,1792571.0,153.31082109125038,18.766666666666666,2010-11-11,3,"[895, 1201, 1256]",277,Atlanta,United States
TEDxPenn,tedx,1349253.0,144.41064638783268,13.15,2015-12-04,1,[2064],278,,
TEDxPennQuarter,tedx,2434842.0,194.4957983193277,15.866666666666667,2010-11-07,1,[862],279,"Washington, DC",United States
TEDxPennsylvaniaAvenue,tedx,748485.0,177.085020242915,12.35,2017-09-02,1,[2514],280,Washington,United States
TEDxPerth,tedx,1771076.5,157.37290109258194,13.975,2013-10-14,2,"[1729, 2432]",281,Crawley,Australia
TEDxPhoenix,tedx,284685.5,51.95381882770871,13.620833333333335,2011-11-11,4,"[1149, 1169, 1216, 1223]",282,Mesa,United States
TEDxPittsburgh,tedx,208115.0,0.0,5.633333333333334,2011-11-19,1,[1191],283,Pittsburgh,United States
TEDxPlaceDesNations,tedx,1010387.0,144.4632153864959,19.483333333333334,2014-11-12,2,"[1908, 1936]",284,Geneve,Switzerland
TEDxPortland,tedx,2759051.0,153.80281690140845,15.383333333333333,2016-09-04,1,[2376],285,Portland,United States
TEDxPortofSpain,tedx,483531.0,88.4848484848485,19.0,2011-11-11,2,"[1179, 1440]",286,Port of Spain,Trinidad and Tobago
TEDxProvidence,tedx,1414721.0,121.48546824542521,15.483333333333333,2014-09-20,1,[2065],287,Providence,United States
TEDxPuget Sound ,tedx,34309432.0,165.27675276752768,18.066666666666666,2009-09-17,1,[677],288,Newcastle,United States
TEDxRC2,tedx,496226.0,135.81191368232356,14.983333333333334,2011-11-11,3,"[1099, 1108, 1147]",289,Geneve,Switzerland
TEDxRainier,tedx,1903610.4,140.61836056817523,12.116666666666667,2010-04-11,5,"[840, 870, 887, 1151, 1422]",290,Seattle,United States
TEDxRiodelaPlata,tedx,1249848.0,128.352462088493,13.60625,2012-10-24,8,"[1475, 1898, 1923, 1952, 2263, 2406, 2423, 2469]",291,Buenos Aires,Argentina
TEDxRotterdam 2010,tedx,1225030.5,93.74188950622472,12.058333333333335,2010-04-06,2,"[824, 868]",292,Rotterdam,Netherlands
TEDxSBU,tedx,1290746.0,140.70135746606334,14.733333333333333,2014-11-19,1,[1937],293,Stony Brook,United States
TEDxSF,tedx,3658158.0,103.64565587734242,9.783333333333333,2011-11-06,1,[1384],294,San Francisco,United States
TEDxSFU,tedx,1802516.0,137.01199563794984,15.283333333333333,2015-11-15,1,[2357],295,Vancouver,Canada
TEDxSMU,tedx,742649.0,109.40061681238151,15.755555555555556,2009-10-10,3,"[603, 1229, 2095]",296,Dallas,United States
TEDxSaltLakeCity,tedx,888652.0,149.27395934172316,17.216666666666665,2015-09-19,1,[2343],297,Salt Lake City,United States
TEDxSanDiego,tedx,603703.0,169.6477334596647,6.433333333333334,2011-03-12,2,"[1269, 1372]",298,"San Diego, SAN DIEGO, san diego",United States
TEDxSanJoseCA,tedx,832407.0,197.19642857142856,18.666666666666668,2012-04-14,1,[1249],299,San Jose,United States
TEDxSanMigueldeAllende,tedx,320396.0,68.14111261872456,11.091666666666667,2010-01-11,2,"[969, 1133]",300,San Miguel de Allende,Mexico
TEDxSanQuentin,tedx,2198889.0,149.32126696832574,11.05,2016-01-22,1,[2435],301,San Quentin,United States
TEDxSantaCruz,tedx,287416.0,0.0,15.55,2011-02-03,1,[1060],302,Scotts Valley,United States
TEDxSeattleU,tedx,1135004.0,192.7611940298508,17.866666666666667,2013-10-02,1,[1472],303,Seattle,United States
TEDxSeoul,tedx,1841716.0,163.65781710914456,16.95,2010-07-24,1,[1437],304,Seoul,South Korea
TEDxSiliconValley,tedx,681873.0,158.5276073619632,16.3,2011-05-14,1,[952],305,Stanford,United States
TEDxSkoll,tedx,782279.5,129.9357063403782,13.791666666666668,2017-07-04,2,"[2442, 2534]",306,Oxford,United Kingdom
TEDxSonomaCounty,tedx,1623955.0,156.68302257114811,16.983333333333334,2014-06-14,1,[1822],307,Santa Rosa,United States
TEDxSouthBank,tedx,1863929.0,166.08799048751484,14.016666666666667,2014-10-12,1,[1984],308,Brisbane,Australia
TEDxStanford,tedx,1219389.333333333,161.2872933939794,13.575925925925928,2012-05-19,9,"[1283, 1290, 1306, 1775, 2276, 2295, 2385, 2521, 2527]",309,Stanford,United States
TEDxSummit,tedx,1602638.416666667,149.0344557930906,12.743055555555555,2012-04-16,12,"[1239, 1241, 1245, 1246, 1251, 1268, 1272, 1278, 1279, 1294, 1398, 1426]",310,,
TEDxSussexUniversity,tedx,174326.0,203.57771260997063,17.05,2012-04-27,1,[1250],311,Brighton,United Kingdom
TEDxSydney,tedx,2071388.4615384613,126.30228151166331,12.170512820512819,2010-05-22,13,"[832, 864, 1109, 1530, 1550, 1577, 1762, 1796, 1955, 2070, 2230, 2314, 2525]",312,Sydney,Australia
TEDxTC,tedx,1328491.0,112.6337548754231,15.983333333333333,2009-02-09,3,"[585, 1104, 1199]",313,Minneapolis / St. Paul,United States
TEDxTeen,tedx,1008708.5,72.93333333333334,10.158333333333333,2011-02-04,2,"[1068, 1222]",314,New York,United States
TEDxTelAviv 2010,tedx,454360.0,144.30594462857812,15.575,2010-04-26,2,"[800, 814]",315,Tel Aviv,Israel
TEDxThessaloniki,tedx,748969.3333333335,75.9312322497036,17.277777777777775,2011-02-04,3,"[1053, 1432, 2078]",316,Thessaloniki,Greece
TEDxTokyo,tedx,1561750.0,153.12946204122676,8.683333333333334,2013-01-05,2,"[1567, 1934]",317,Shibuya-ku,Japan
TEDxToronto,tedx,962489.0,149.75609756097558,10.25,2015-10-22,1,[2339],318,Toronto,Canada
TEDxToronto 2010,tedx,2229338.5,178.79575614457767,12.583333333333332,2010-09-23,4,"[843, 911, 1123, 1140]",319,Toronto,Canada
TEDxToronto 2011,tedx,556946.0,163.9230349296721,15.875,2011-09-23,2,"[857, 1369]",320,Toronto,Canada
TEDxToulouse,tedx,857839.0,142.12173913043478,19.166666666666668,2013-03-16,1,[2097],321,toulouse,France
TEDxUCL,tedx,353350.0,0.0,10.033333333333333,2012-03-06,1,[1307],322,London,United Kingdom
TEDxUF,tedx,1155507.0,166.1818181818182,19.25,2015-03-21,1,[2055],323,Gainesville,United States
TEDxUIUC,tedx,598693.0,172.78514588859414,18.85,2011-02-19,1,[1028],324,Champaign,United States
TEDxUM,tedx,761052.0,148.22558459422282,12.116666666666667,2015-10-31,1,[2136],325,Oxford,United States
TEDxUMKC,tedx,1509188.0,131.32978723404256,18.8,2013-09-09,1,[1742],326,Kansas City,United States
TEDxUSC,tedx,992195.3333333336,139.30724444107236,13.324074074074073,2009-03-23,9,"[470, 474, 529, 539, 693, 702, 1262, 1325, 1364]",327,Los Angeles,United States
TEDxUW,tedx,5917201.0,131.47540983606558,15.25,2011-12-11,1,[1170],328,Waterloo,Canada
TEDxUdeM,tedx,618471.0,139.14738124238733,13.683333333333335,2013-03-10,1,[1612],329,Montreal,Canada
TEDxUniversityofNevada,tedx,1713788.0,160.4899777282851,7.483333333333332,2016-01-23,1,[2284],330,Reno,United States
TEDxUofM,tedx,1631913.0,138.702807357212,17.216666666666665,2014-03-15,1,[1768],331,Ann Arbor,United States
TEDxVancouver,tedx,976304.5,86.41202290807402,15.445833333333335,2011-11-11,4,"[1138, 1184, 2133, 2148]",332,Vancouver,Canada
TEDxVictoria,tedx,792779.0,150.9056603773585,17.666666666666668,2011-11-19,1,[1148],333,Victoria,Canada
TEDxVienna,tedx,869462.0,96.18016846350152,13.25,2011-04-10,3,"[1086, 2366, 2397]",334,Vienna,Austria
TEDxVirginiaTech,tedx,872015.0,130.37800687285224,14.55,2016-10-11,1,[2437],335,Blacksburg,United States
TEDxWarwick,tedx,1038770.5,153.30805800836345,17.391666666666666,2011-03-03,4,"[945, 1243, 1565, 2389]",336,Coventry,United Kingdom
TEDxWaterloo,tedx,138812.0,0.0,16.366666666666667,2011-03-03,1,[1061],337,,
TEDxWinnipeg,tedx,1198585.0,177.2997299729973,18.516666666666666,2012-09-13,1,[1375],338,Winnipeg,Canada
TEDxWitsUniversity,tedx,1003863.0,162.2568093385214,17.133333333333333,2012-08-23,1,[1399],339,Johannesburg,South Africa
TEDxWomen 2011,tedx,1028229.2857142857,135.89069931234792,12.321428571428573,2011-01-12,7,"[1101, 1107, 1110, 1124, 1154, 1181, 1208]",340,New York,United States
TEDxWomen 2012,tedx,1324085.0,114.53799200803265,11.336111111111107,2012-01-12,6,"[1410, 1414, 1419, 1425, 1428, 1433]",341,Washington,United States
TEDxYYC,tedx,369960.66666666674,52.172774869109965,11.905555555555555,2010-02-26,3,"[763, 1087, 1111]",342,Calgary,Canada
TEDxYouth@Manchester,tedx,1726139.5,182.83643483733616,13.45,2011-03-11,2,"[1120, 1909]",343,Macclesfield,United Kingdom
TEDxYouth@Sydney,tedx,795894.0,137.886523356759,10.875,2015-05-20,2,"[2121, 2364]",344,Sydney,Australia
TEDxZurich,tedx,621431.0,143.16831683168317,13.466666666666667,2016-11-11,1,[2538],345,Zurich,Switzerland
TEDxZurich 2011,tedx,618729.0,182.3788546255507,7.566666666666666,2011-10-11,1,[1103],346,Zurich,Switzerland
TEDxZurich 2012,tedx,1461537.5,123.17333797424295,12.716666666666667,2012-10-25,2,"[1396, 1435]",347,Zurich,Switzerland
TEDxZurich 2013,tedx,965291.0,144.36363636363637,13.75,2013-03-10,1,[1669],348,Zurich,Switzerland
Taste3 2008,external,1037773.6666666664,167.0831667136214,17.527777777777775,2008-06-30,6,"[343, 352, 355, 359, 367, 372]",349,,
The Do Lectures,external,112321.0,0.0,28.16666666666667,2009-09-18,1,[776],350,,
Toronto Youth Corps,external,1028630.0,0.0,4.366666666666666,1972-05-14,1,[686],351,,
University of California,external,261831.5,0.0,73.57499999999997,2001-05-16,2,"[594, 640]",352,,
Web 2.0 Expo 2008,external,757791.0,0.0,15.45,2008-09-19,1,[637],353,,
World Science Festival,external,3302312.0,0.0,3.066666666666667,2009-10-06,1,[625],354,,
